No_month,year,month,States,Sum_of_Series_Complete_Yes,Sum_of_Administered_Dose1_Pop_Pct,Sum_of_Series_Complete_Pop_Pct,Sum_of_Series_Complete_Janssen,Sum_of_Series_Complete_Moderna,Sum_of_Series_Complete_Pfizer,Sum_of_Administered_Janssen,Sum_of_Administered_Moderna,Sum_of_Administered_Pfizer,Personal_income_average_monthly,COVID_death_rate,COVID-19,Death
1,2020,3,Alabama,0,0.0000,0.0000,0,0,0,0,0,0,4212,0.0026,24,9158
1,2020,3,Alaska,0,0.0000,0.0000,0,0,0,0,0,0,4905,0.0000,0,552
1,2020,3,Arizona,0,0.0000,0.0000,0,0,0,0,0,0,4754,0.0048,52,10920
1,2020,3,Arkansas,0,0.0000,0.0000,0,0,0,0,0,0,4000,0.0000,0,4984
1,2020,3,California,0,0.0000,0.0000,0,0,0,0,0,0,6318,0.0058,279,48196
1,2020,3,Colorado,0,0.0000,0.0000,0,0,0,0,0,0,5560,0.0116,98,8472
1,2020,3,Connecticut,0,0.0000,0.0000,0,0,0,0,0,0,6522,0.0111,108,9706
1,2020,3,Delaware,0,0.0000,0.0000,0,0,0,0,0,0,5391,0.0000,0,1848
1,2020,3,Florida,0,0.0000,0.0000,0,0,0,0,0,0,4550,0.0049,177,36024
1,2020,3,Georgia,0,0.0000,0.0000,0,0,0,0,0,0,5009,0.0126,206,16294
1,2020,3,Hawaii,0,0.0000,0.0000,0,0,0,0,0,0,4472,0.0000,0,1648
1,2020,3,Idaho,0,0.0000,0.0000,0,0,0,0,0,0,3744,0.0000,0,2174
1,2020,3,Illinois,0,0.0000,0.0000,0,0,0,0,0,0,5633,0.0079,180,22828
1,2020,3,Indiana,0,0.0000,0.0000,0,0,0,0,0,0,4303,0.0089,113,12642
1,2020,3,Iowa,0,0.0000,0.0000,0,0,0,0,0,0,4242,0.0000,0,4806
1,2020,3,Kansas,0,0.0000,0.0000,0,0,0,0,0,0,4195,0.0000,0,4288
1,2020,3,Kentucky,0,0.0000,0.0000,0,0,0,0,0,0,4086,0.0000,0,8018
1,2020,3,Louisiana,0,0.0000,0.0000,0,0,0,0,0,0,4190,0.0356,394,11054
1,2020,3,Maine,0,0.0000,0.0000,0,0,0,0,0,0,4138,0.0000,0,2344
1,2020,3,Maryland,0,0.0000,0.0000,0,0,0,0,0,0,5538,0.0032,35,10874
1,2020,3,Massachusetts,0,0.0000,0.0000,0,0,0,0,0,0,6959,0.0071,123,17223
1,2020,3,Michigan,0,0.0000,0.0000,0,0,0,0,0,0,4775,0.0197,490,24909
1,2020,3,Minnesota,0,0.0000,0.0000,0,0,0,0,0,0,5343,0.0014,11,7684
1,2020,3,Mississippi,0,0.0000,0.0000,0,0,0,0,0,0,3475,0.0019,11,5696
1,2020,3,Missouri,0,0.0000,0.0000,0,0,0,0,0,0,4407,0.0011,12,11146
1,2020,3,Montana,0,0.0000,0.0000,0,0,0,0,0,0,3761,0.0000,0,1480
1,2020,3,Nebraska,0,0.0000,0.0000,0,0,0,0,0,0,4143,0.0000,0,2652
1,2020,3,Nevada,0,0.0000,0.0000,0,0,0,0,0,0,4472,0.0026,12,4556
1,2020,3,New Hampshire,0,0.0000,0.0000,0,0,0,0,0,0,5170,0.0000,0,2014
1,2020,3,New Jersey,0,0.0000,0.0000,0,0,0,0,0,0,6309,0.0205,697,33928
1,2020,3,New Mexico,0,0.0000,0.0000,0,0,0,0,0,0,4000,0.0000,0,3240
1,2020,3,New York,0,0.0000,0.0000,0,0,0,0,0,0,7336,0.0352,2867,81498
1,2020,3,North Carolina,0,0.0000,0.0000,0,0,0,0,0,0,4732,0.0000,0,16340
1,2020,3,North Dakota,0,0.0000,0.0000,0,0,0,0,0,0,4533,0.0000,0,1182
1,2020,3,Ohio,0,0.0000,0.0000,0,0,0,0,0,0,4606,0.0043,91,21390
1,2020,3,Oklahoma,0,0.0000,0.0000,0,0,0,0,0,0,4104,0.0031,20,6440
1,2020,3,Oregon,0,0.0000,0.0000,0,0,0,0,0,0,4775,0.0020,12,6126
1,2020,3,Pennsylvania,0,0.0000,0.0000,0,0,0,0,0,0,5092,0.0034,94,28042
1,2020,3,Rhode Island,0,0.0000,0.0000,0,0,0,0,0,0,4905,0.0000,0,2022
1,2020,3,South Carolina,0,0.0000,0.0000,0,0,0,0,0,0,3995,0.0028,24,8516
1,2020,3,South Dakota,0,0.0000,0.0000,0,0,0,0,0,0,3904,0.0000,0,1224
1,2020,3,Tennessee,0,0.0000,0.0000,0,0,0,0,0,0,4446,0.0019,23,12262
1,2020,3,Texas,0,0.0000,0.0000,0,0,0,0,0,0,5334,0.0024,84,34420
1,2020,3,Utah,0,0.0000,0.0000,0,0,0,0,0,0,4450,0.0000,0,3158
1,2020,3,Vermont,0,0.0000,0.0000,0,0,0,0,0,0,4247,0.0000,0,970
1,2020,3,Virginia,0,0.0000,0.0000,0,0,0,0,0,0,5343,0.0048,61,12642
1,2020,3,Washington,0,0.0000,0.0000,0,0,0,0,0,0,6119,0.0275,280,10182
1,2020,3,West Virginia,0,0.0000,0.0000,0,0,0,0,0,0,3917,0.0000,0,3678
1,2020,3,Wisconsin,0,0.0000,0.0000,0,0,0,0,0,0,4368,0.0025,23,9140
1,2020,3,Wyoming,0,0.0000,0.0000,0,0,0,0,0,0,4156,0.0000,0,754
2,2020,4,Alabama,0,0.0000,0.0000,0,0,0,0,0,0,4212,0.0290,332,11456
2,2020,4,Alaska,0,0.0000,0.0000,0,0,0,0,0,0,4905,0.0000,0,788
2,2020,4,Arizona,0,0.0000,0.0000,0,0,0,0,0,0,4754,0.0289,390,13472
2,2020,4,Arkansas,0,0.0000,0.0000,0,0,0,0,0,0,4000,0.0077,48,6252
2,2020,4,California,0,0.0000,0.0000,0,0,0,0,0,0,6318,0.0357,2017,56454
2,2020,4,Colorado,0,0.0000,0.0000,0,0,0,0,0,0,5560,0.0975,872,8946
2,2020,4,Connecticut,0,0.0000,0.0000,0,0,0,0,0,0,6522,0.2596,2455,9456
2,2020,4,Delaware,0,0.0000,0.0000,0,0,0,0,0,0,5391,0.0766,185,2414
2,2020,4,Florida,0,0.0000,0.0000,0,0,0,0,0,0,4550,0.0303,1311,43218
2,2020,4,Georgia,0,0.0000,0.0000,0,0,0,0,0,0,5009,0.0558,1073,19238
2,2020,4,Hawaii,0,0.0000,0.0000,0,0,0,0,0,0,4472,0.0000,0,2092
2,2020,4,Idaho,0,0.0000,0.0000,0,0,0,0,0,0,3744,0.0198,53,2672
2,2020,4,Illinois,0,0.0000,0.0000,0,0,0,0,0,0,5633,0.0874,2441,27926
2,2020,4,Indiana,0,0.0000,0.0000,0,0,0,0,0,0,4303,0.0753,1137,15096
2,2020,4,Iowa,0,0.0000,0.0000,0,0,0,0,0,0,4242,0.0252,166,6586
2,2020,4,Kansas,0,0.0000,0.0000,0,0,0,0,0,0,4195,0.0234,120,5138
2,2020,4,Kentucky,0,0.0000,0.0000,0,0,0,0,0,0,4086,0.0235,234,9968
2,2020,4,Louisiana,0,0.0000,0.0000,0,0,0,0,0,0,4190,0.1475,1626,11024
2,2020,4,Maine,0,0.0000,0.0000,0,0,0,0,0,0,4138,0.0170,46,2700
2,2020,4,Maryland,0,0.0000,0.0000,0,0,0,0,0,0,5538,0.0912,1277,13997
2,2020,4,Massachusetts,0,0.0000,0.0000,0,0,0,0,0,0,6959,0.2133,3922,18384
2,2020,4,Michigan,0,0.0000,0.0000,0,0,0,0,0,0,4775,0.1653,3623,21915
2,2020,4,Minnesota,0,0.0000,0.0000,0,0,0,0,0,0,5343,0.0378,387,10242
2,2020,4,Mississippi,0,0.0000,0.0000,0,0,0,0,0,0,3475,0.0390,289,7403
2,2020,4,Missouri,0,0.0000,0.0000,0,0,0,0,0,0,4407,0.0339,455,13422
2,2020,4,Montana,0,0.0000,0.0000,0,0,0,0,0,0,3761,0.0000,0,1784
2,2020,4,Nebraska,0,0.0000,0.0000,0,0,0,0,0,0,4143,0.0206,71,3452
2,2020,4,Nevada,0,0.0000,0.0000,0,0,0,0,0,0,4472,0.0413,221,5348
2,2020,4,New Hampshire,0,0.0000,0.0000,0,0,0,0,0,0,5170,0.0281,75,2668
2,2020,4,New Jersey,0,0.0000,0.0000,0,0,0,0,0,0,6309,0.3825,8988,23501
2,2020,4,New Mexico,0,0.0000,0.0000,0,0,0,0,0,0,4000,0.0357,154,4308
2,2020,4,New York,0,0.0000,0.0000,0,0,0,0,0,0,7336,0.5093,22171,43534
2,2020,4,North Carolina,0,0.0000,0.0000,0,0,0,0,0,0,4732,0.0219,441,20165
2,2020,4,North Dakota,0,0.0000,0.0000,0,0,0,0,0,0,4533,0.0000,0,1366
2,2020,4,Ohio,0,0.0000,0.0000,0,0,0,0,0,0,4606,0.0400,1059,26464
2,2020,4,Oklahoma,0,0.0000,0.0000,0,0,0,0,0,0,4104,0.0259,198,7646
2,2020,4,Oregon,0,0.0000,0.0000,0,0,0,0,0,0,4775,0.0139,101,7250
2,2020,4,Pennsylvania,0,0.0000,0.0000,0,0,0,0,0,0,5092,0.1090,3498,32106
2,2020,4,Rhode Island,0,0.0000,0.0000,0,0,0,0,0,0,4905,0.1137,344,3026
2,2020,4,South Carolina,0,0.0000,0.0000,0,0,0,0,0,0,3995,0.0220,233,10592
2,2020,4,South Dakota,0,0.0000,0.0000,0,0,0,0,0,0,3904,0.0000,0,1498
2,2020,4,Tennessee,0,0.0000,0.0000,0,0,0,0,0,0,4446,0.0113,171,15110
2,2020,4,Texas,0,0.0000,0.0000,0,0,0,0,0,0,5334,0.0219,930,42464
2,2020,4,Utah,0,0.0000,0.0000,0,0,0,0,0,0,4450,0.0087,33,3800
2,2020,4,Vermont,0,0.0000,0.0000,0,0,0,0,0,0,4247,0.0201,22,1094
2,2020,4,Virginia,0,0.0000,0.0000,0,0,0,0,0,0,5343,0.0486,752,15468
2,2020,4,Washington,0,0.0000,0.0000,0,0,0,0,0,0,6119,0.0473,537,11354
2,2020,4,West Virginia,0,0.0000,0.0000,0,0,0,0,0,0,3917,0.0103,46,4452
2,2020,4,Wisconsin,0,0.0000,0.0000,0,0,0,0,0,0,4368,0.0274,300,10962
2,2020,4,Wyoming,0,0.0000,0.0000,0,0,0,0,0,0,4156,0.0000,0,782
3,2020,5,Alabama,0,0.0000,0.0000,0,0,0,0,0,0,4212,0.0468,426,9104
3,2020,5,Alaska,0,0.0000,0.0000,0,0,0,0,0,0,4905,0.0000,0,620
3,2020,5,Arizona,0,0.0000,0.0000,0,0,0,0,0,0,4754,0.0408,492,12058
3,2020,5,Arkansas,0,0.0000,0.0000,0,0,0,0,0,0,4000,0.0114,61,5344
3,2020,5,California,0,0.0000,0.0000,0,0,0,0,0,0,6318,0.0502,2236,44544
3,2020,5,Colorado,0,0.0000,0.0000,0,0,0,0,0,0,5560,0.0668,451,6752
3,2020,5,Connecticut,0,0.0000,0.0000,0,0,0,0,0,0,6522,0.3083,1523,4940
3,2020,5,Delaware,0,0.0000,0.0000,0,0,0,0,0,0,5391,0.1858,269,1448
3,2020,5,Florida,0,0.0000,0.0000,0,0,0,0,0,0,4550,0.0323,1126,34859
3,2020,5,Georgia,0,0.0000,0.0000,0,0,0,0,0,0,5009,0.0567,808,14262
3,2020,5,Hawaii,0,0.0000,0.0000,0,0,0,0,0,0,4472,0.0000,0,1726
3,2020,5,Idaho,0,0.0000,0.0000,0,0,0,0,0,0,3744,0.0049,11,2244
3,2020,5,Illinois,0,0.0000,0.0000,0,0,0,0,0,0,5633,0.1535,2815,18334
3,2020,5,Indiana,0,0.0000,0.0000,0,0,0,0,0,0,4303,0.0868,958,11042
3,2020,5,Iowa,0,0.0000,0.0000,0,0,0,0,0,0,4242,0.0880,405,4604
3,2020,5,Kansas,0,0.0000,0.0000,0,0,0,0,0,0,4195,0.0212,86,4052
3,2020,5,Kentucky,0,0.0000,0.0000,0,0,0,0,0,0,4086,0.0283,216,7646
3,2020,5,Louisiana,0,0.0000,0.0000,0,0,0,0,0,0,4190,0.0922,732,7938
3,2020,5,Maine,0,0.0000,0.0000,0,0,0,0,0,0,4138,0.0143,30,2104
3,2020,5,Maryland,0,0.0000,0.0000,0,0,0,0,0,0,5538,0.1738,1538,8850
3,2020,5,Massachusetts,0,0.0000,0.0000,0,0,0,0,0,0,6959,0.3309,3032,9163
3,2020,5,Michigan,0,0.0000,0.0000,0,0,0,0,0,0,4775,0.0839,1285,15316
3,2020,5,Minnesota,0,0.0000,0.0000,0,0,0,0,0,0,5343,0.0920,698,7584
3,2020,5,Mississippi,0,0.0000,0.0000,0,0,0,0,0,0,3475,0.0779,446,5722
3,2020,5,Missouri,0,0.0000,0.0000,0,0,0,0,0,0,4407,0.0395,400,10136
3,2020,5,Montana,0,0.0000,0.0000,0,0,0,0,0,0,3761,0.0000,0,1508
3,2020,5,Nebraska,0,0.0000,0.0000,0,0,0,0,0,0,4143,0.0389,101,2594
3,2020,5,Nevada,0,0.0000,0.0000,0,0,0,0,0,0,4472,0.0356,155,4348
3,2020,5,New Hampshire,0,0.0000,0.0000,0,0,0,0,0,0,5170,0.0891,178,1998
3,2020,5,New Jersey,0,0.0000,0.0000,0,0,0,0,0,0,6309,0.2824,3347,11854
3,2020,5,New Mexico,0,0.0000,0.0000,0,0,0,0,0,0,4000,0.0757,255,3370
3,2020,5,New York,0,0.0000,0.0000,0,0,0,0,0,0,7336,0.2319,5556,23954
3,2020,5,North Carolina,0,0.0000,0.0000,0,0,0,0,0,0,4732,0.0344,531,15438
3,2020,5,North Dakota,0,0.0000,0.0000,0,0,0,0,0,0,4533,0.0339,37,1090
3,2020,5,Ohio,0,0.0000,0.0000,0,0,0,0,0,0,4606,0.0586,1155,19702
3,2020,5,Oklahoma,0,0.0000,0.0000,0,0,0,0,0,0,4104,0.0178,109,6130
3,2020,5,Oregon,0,0.0000,0.0000,0,0,0,0,0,0,4775,0.0081,46,5646
3,2020,5,Pennsylvania,0,0.0000,0.0000,0,0,0,0,0,0,5092,0.1288,2702,20976
3,2020,5,Rhode Island,0,0.0000,0.0000,0,0,0,0,0,0,4905,0.2713,464,1710
3,2020,5,South Carolina,0,0.0000,0.0000,0,0,0,0,0,0,3995,0.0327,279,8534
3,2020,5,South Dakota,0,0.0000,0.0000,0,0,0,0,0,0,3904,0.0131,16,1220
3,2020,5,Tennessee,0,0.0000,0.0000,0,0,0,0,0,0,4446,0.0156,191,12234
3,2020,5,Texas,0,0.0000,0.0000,0,0,0,0,0,0,5334,0.0269,953,35398
3,2020,5,Utah,0,0.0000,0.0000,0,0,0,0,0,0,4450,0.0166,52,3140
3,2020,5,Vermont,0,0.0000,0.0000,0,0,0,0,0,0,4247,0.0000,0,853
3,2020,5,Virginia,0,0.0000,0.0000,0,0,0,0,0,0,5343,0.0763,851,11154
3,2020,5,Washington,0,0.0000,0.0000,0,0,0,0,0,0,6119,0.0310,271,8746
3,2020,5,West Virginia,0,0.0000,0.0000,0,0,0,0,0,0,3917,0.0072,25,3460
3,2020,5,Wisconsin,0,0.0000,0.0000,0,0,0,0,0,0,4368,0.0333,279,8376
3,2020,5,Wyoming,0,0.0000,0.0000,0,0,0,0,0,0,4156,0.0000,0,702
4,2020,6,Alabama,0,0.0000,0.0000,0,0,0,0,0,0,4212,0.0387,394,10176
4,2020,6,Alaska,0,0.0000,0.0000,0,0,0,0,0,0,4905,0.0000,0,650
4,2020,6,Arizona,0,0.0000,0.0000,0,0,0,0,0,0,4754,0.0589,894,15170
4,2020,6,Arkansas,0,0.0000,0.0000,0,0,0,0,0,0,4000,0.0279,154,5514
4,2020,6,California,0,0.0000,0.0000,0,0,0,0,0,0,6318,0.0420,2050,48824
4,2020,6,Colorado,0,0.0000,0.0000,0,0,0,0,0,0,5560,0.0281,182,6488
4,2020,6,Connecticut,0,0.0000,0.0000,0,0,0,0,0,0,6522,0.0592,274,4626
4,2020,6,Delaware,0,0.0000,0.0000,0,0,0,0,0,0,5391,0.0426,64,1504
4,2020,6,Florida,0,0.0000,0.0000,0,0,0,0,0,0,4550,0.0255,1070,42038
4,2020,6,Georgia,0,0.0000,0.0000,0,0,0,0,0,0,5009,0.0313,515,16434
4,2020,6,Hawaii,0,0.0000,0.0000,0,0,0,0,0,0,4472,0.0000,0,1706
4,2020,6,Idaho,0,0.0000,0.0000,0,0,0,0,0,0,3744,0.0000,0,2390
4,2020,6,Illinois,0,0.0000,0.0000,0,0,0,0,0,0,5633,0.0678,1151,16982
4,2020,6,Indiana,0,0.0000,0.0000,0,0,0,0,0,0,4303,0.0431,465,10796
4,2020,6,Iowa,0,0.0000,0.0000,0,0,0,0,0,0,4242,0.0306,147,4800
4,2020,6,Kansas,0,0.0000,0.0000,0,0,0,0,0,0,4195,0.0131,55,4212
4,2020,6,Kentucky,0,0.0000,0.0000,0,0,0,0,0,0,4086,0.0190,150,7888
4,2020,6,Louisiana,0,0.0000,0.0000,0,0,0,0,0,0,4190,0.0398,351,8822
4,2020,6,Maine,0,0.0000,0.0000,0,0,0,0,0,0,4138,0.0000,0,2238
4,2020,6,Maryland,0,0.0000,0.0000,0,0,0,0,0,0,5538,0.0811,666,8217
4,2020,6,Massachusetts,0,0.0000,0.0000,0,0,0,0,0,0,6959,0.0736,624,8476
4,2020,6,Michigan,0,0.0000,0.0000,0,0,0,0,0,0,4775,0.0194,296,15276
4,2020,6,Minnesota,0,0.0000,0.0000,0,0,0,0,0,0,5343,0.0516,360,6976
4,2020,6,Mississippi,0,0.0000,0.0000,0,0,0,0,0,0,3475,0.0499,313,6277
4,2020,6,Missouri,0,0.0000,0.0000,0,0,0,0,0,0,4407,0.0181,192,10602
4,2020,6,Montana,0,0.0000,0.0000,0,0,0,0,0,0,3761,0.0000,0,1520
4,2020,6,Nebraska,0,0.0000,0.0000,0,0,0,0,0,0,4143,0.0334,86,2576
4,2020,6,Nevada,0,0.0000,0.0000,0,0,0,0,0,0,4472,0.0161,79,4896
4,2020,6,New Hampshire,0,0.0000,0.0000,0,0,0,0,0,0,5170,0.0472,91,1930
4,2020,6,New Jersey,0,0.0000,0.0000,0,0,0,0,0,0,6309,0.0753,827,10978
4,2020,6,New Mexico,0,0.0000,0.0000,0,0,0,0,0,0,4000,0.0366,123,3361
4,2020,6,New York,0,0.0000,0.0000,0,0,0,0,0,0,7336,0.0478,1094,22905
4,2020,6,North Carolina,0,0.0000,0.0000,0,0,0,0,0,0,4732,0.0285,465,16296
4,2020,6,North Dakota,0,0.0000,0.0000,0,0,0,0,0,0,4533,0.0000,0,962
4,2020,6,Ohio,0,0.0000,0.0000,0,0,0,0,0,0,4606,0.0272,549,20170
4,2020,6,Oklahoma,0,0.0000,0.0000,0,0,0,0,0,0,4104,0.0097,63,6494
4,2020,6,Oregon,0,0.0000,0.0000,0,0,0,0,0,0,4775,0.0087,52,5944
4,2020,6,Pennsylvania,0,0.0000,0.0000,0,0,0,0,0,0,5092,0.0394,816,20734
4,2020,6,Rhode Island,0,0.0000,0.0000,0,0,0,0,0,0,4905,0.1011,143,1414
4,2020,6,South Carolina,0,0.0000,0.0000,0,0,0,0,0,0,3995,0.0282,288,10202
4,2020,6,South Dakota,0,0.0000,0.0000,0,0,0,0,0,0,3904,0.0097,12,1234
4,2020,6,Tennessee,0,0.0000,0.0000,0,0,0,0,0,0,4446,0.0149,194,13054
4,2020,6,Texas,0,0.0000,0.0000,0,0,0,0,0,0,5334,0.0305,1427,46758
4,2020,6,Utah,0,0.0000,0.0000,0,0,0,0,0,0,4450,0.0169,58,3434
4,2020,6,Vermont,0,0.0000,0.0000,0,0,0,0,0,0,4247,0.0000,0,792
4,2020,6,Virginia,0,0.0000,0.0000,0,0,0,0,0,0,5343,0.0337,386,11468
4,2020,6,Washington,0,0.0000,0.0000,0,0,0,0,0,0,6119,0.0158,147,9296
4,2020,6,West Virginia,0,0.0000,0.0000,0,0,0,0,0,0,3917,0.0000,0,3522
4,2020,6,Wisconsin,0,0.0000,0.0000,0,0,0,0,0,0,4368,0.0177,151,8510
4,2020,6,Wyoming,0,0.0000,0.0000,0,0,0,0,0,0,4156,0.0000,0,740
5,2020,7,Alabama,0,0.0000,0.0000,0,0,0,0,0,0,4212,0.0662,870,13134
5,2020,7,Alaska,0,0.0000,0.0000,0,0,0,0,0,0,4905,0.0000,0,920
5,2020,7,Arizona,0,0.0000,0.0000,0,0,0,0,0,0,4754,0.1335,2102,15748
5,2020,7,Arkansas,0,0.0000,0.0000,0,0,0,0,0,0,4000,0.0357,267,7482
5,2020,7,California,0,0.0000,0.0000,0,0,0,0,0,0,6318,0.0621,3884,62575
5,2020,7,Colorado,0,0.0000,0.0000,0,0,0,0,0,0,5560,0.0175,146,8340
5,2020,7,Connecticut,0,0.0000,0.0000,0,0,0,0,0,0,6522,0.0122,68,5586
5,2020,7,Delaware,0,0.0000,0.0000,0,0,0,0,0,0,5391,0.0123,23,1874
5,2020,7,Florida,0,0.0000,0.0000,0,0,0,0,0,0,4550,0.0919,4980,54202
5,2020,7,Georgia,0,0.0000,0.0000,0,0,0,0,0,0,5009,0.0610,1342,22018
5,2020,7,Hawaii,0,0.0000,0.0000,0,0,0,0,0,0,4472,0.0000,0,2270
5,2020,7,Idaho,0,0.0000,0.0000,0,0,0,0,0,0,3744,0.0374,121,3238
5,2020,7,Illinois,0,0.0000,0.0000,0,0,0,0,0,0,5633,0.0206,438,21212
5,2020,7,Indiana,0,0.0000,0.0000,0,0,0,0,0,0,4303,0.0242,329,13596
5,2020,7,Iowa,0,0.0000,0.0000,0,0,0,0,0,0,4242,0.0257,168,6538
5,2020,7,Kansas,0,0.0000,0.0000,0,0,0,0,0,0,4195,0.0188,103,5482
5,2020,7,Kentucky,0,0.0000,0.0000,0,0,0,0,0,0,4086,0.0168,173,10276
5,2020,7,Louisiana,0,0.0000,0.0000,0,0,0,0,0,0,4190,0.0642,752,11718
5,2020,7,Maine,0,0.0000,0.0000,0,0,0,0,0,0,4138,0.0043,12,2806
5,2020,7,Maryland,0,0.0000,0.0000,0,0,0,0,0,0,5538,0.0296,307,10358
5,2020,7,Massachusetts,0,0.0000,0.0000,0,0,0,0,0,0,6959,0.0180,186,10317
5,2020,7,Michigan,0,0.0000,0.0000,0,0,0,0,0,0,4775,0.0094,183,19433
5,2020,7,Minnesota,0,0.0000,0.0000,0,0,0,0,0,0,5343,0.0157,139,8858
5,2020,7,Mississippi,0,0.0000,0.0000,0,0,0,0,0,0,3475,0.0775,656,8464
5,2020,7,Missouri,0,0.0000,0.0000,0,0,0,0,0,0,4407,0.0192,265,13770
5,2020,7,Montana,0,0.0000,0.0000,0,0,0,0,0,0,3761,0.0159,33,2076
5,2020,7,Nebraska,0,0.0000,0.0000,0,0,0,0,0,0,4143,0.0086,30,3508
5,2020,7,Nevada,0,0.0000,0.0000,0,0,0,0,0,0,4472,0.0545,355,6514
5,2020,7,New Hampshire,0,0.0000,0.0000,0,0,0,0,0,0,5170,0.0078,18,2314
5,2020,7,New Jersey,0,0.0000,0.0000,0,0,0,0,0,0,6309,0.0234,315,13438
5,2020,7,New Mexico,0,0.0000,0.0000,0,0,0,0,0,0,4000,0.0383,154,4018
5,2020,7,New York,0,0.0000,0.0000,0,0,0,0,0,0,7336,0.0145,411,28341
5,2020,7,North Carolina,0,0.0000,0.0000,0,0,0,0,0,0,4732,0.0331,694,20960
5,2020,7,North Dakota,0,0.0000,0.0000,0,0,0,0,0,0,4533,0.0173,23,1326
5,2020,7,Ohio,0,0.0000,0.0000,0,0,0,0,0,0,4606,0.0254,661,26070
5,2020,7,Oklahoma,0,0.0000,0.0000,0,0,0,0,0,0,4104,0.0260,221,8492
5,2020,7,Oregon,0,0.0000,0.0000,0,0,0,0,0,0,4775,0.0124,94,7604
5,2020,7,Pennsylvania,0,0.0000,0.0000,0,0,0,0,0,0,5092,0.0187,489,26136
5,2020,7,Rhode Island,0,0.0000,0.0000,0,0,0,0,0,0,4905,0.0131,25,1904
5,2020,7,South Carolina,0,0.0000,0.0000,0,0,0,0,0,0,3995,0.0796,1024,12872
5,2020,7,South Dakota,0,0.0000,0.0000,0,0,0,0,0,0,3904,0.0171,28,1642
5,2020,7,Tennessee,0,0.0000,0.0000,0,0,0,0,0,0,4446,0.0342,581,16984
5,2020,7,Texas,0,0.0000,0.0000,0,0,0,0,0,0,5334,0.1261,6967,55234
5,2020,7,Utah,0,0.0000,0.0000,0,0,0,0,0,0,4450,0.0299,127,4252
5,2020,7,Vermont,0,0.0000,0.0000,0,0,0,0,0,0,4247,0.0000,0,1026
5,2020,7,Virginia,0,0.0000,0.0000,0,0,0,0,0,0,5343,0.0249,365,14672
5,2020,7,Washington,0,0.0000,0.0000,0,0,0,0,0,0,6119,0.0235,280,11908
5,2020,7,West Virginia,0,0.0000,0.0000,0,0,0,0,0,0,3917,0.0051,24,4664
5,2020,7,Wisconsin,0,0.0000,0.0000,0,0,0,0,0,0,4368,0.0146,158,10850
5,2020,7,Wyoming,0,0.0000,0.0000,0,0,0,0,0,0,4156,0.0000,0,890
6,2020,8,Alabama,0,0.0000,0.0000,0,0,0,0,0,0,4212,0.0988,955,9662
6,2020,8,Alaska,0,0.0000,0.0000,0,0,0,0,0,0,4905,0.0000,0,758
6,2020,8,Arizona,0,0.0000,0.0000,0,0,0,0,0,0,4754,0.0915,937,10242
6,2020,8,Arkansas,0,0.0000,0.0000,0,0,0,0,0,0,4000,0.0680,397,5834
6,2020,8,California,0,0.0000,0.0000,0,0,0,0,0,0,6318,0.0818,3756,45921
6,2020,8,Colorado,0,0.0000,0.0000,0,0,0,0,0,0,5560,0.0175,113,6470
6,2020,8,Connecticut,0,0.0000,0.0000,0,0,0,0,0,0,6522,0.0000,0,4666
6,2020,8,Delaware,0,0.0000,0.0000,0,0,0,0,0,0,5391,0.0000,0,1456
6,2020,8,Florida,0,0.0000,0.0000,0,0,0,0,0,0,4550,0.1302,4787,36762
6,2020,8,Georgia,0,0.0000,0.0000,0,0,0,0,0,0,5009,0.1123,1807,16084
6,2020,8,Hawaii,0,0.0000,0.0000,0,0,0,0,0,0,4472,0.0346,67,1936
6,2020,8,Idaho,0,0.0000,0.0000,0,0,0,0,0,0,3744,0.0671,170,2534
6,2020,8,Illinois,0,0.0000,0.0000,0,0,0,0,0,0,5633,0.0275,475,17304
6,2020,8,Indiana,0,0.0000,0.0000,0,0,0,0,0,0,4303,0.0349,381,10928
6,2020,8,Iowa,0,0.0000,0.0000,0,0,0,0,0,0,4242,0.0521,261,5014
6,2020,8,Kansas,0,0.0000,0.0000,0,0,0,0,0,0,4195,0.0365,168,4602
6,2020,8,Kentucky,0,0.0000,0.0000,0,0,0,0,0,0,4086,0.0358,298,8322
6,2020,8,Louisiana,0,0.0000,0.0000,0,0,0,0,0,0,4190,0.1054,879,8336
6,2020,8,Maine,0,0.0000,0.0000,0,0,0,0,0,0,4138,0.0000,0,2390
6,2020,8,Maryland,0,0.0000,0.0000,0,0,0,0,0,0,5538,0.0322,264,8206
6,2020,8,Massachusetts,0,0.0000,0.0000,0,0,0,0,0,0,6959,0.0126,107,8487
6,2020,8,Michigan,0,0.0000,0.0000,0,0,0,0,0,0,4775,0.0147,230,15618
6,2020,8,Minnesota,0,0.0000,0.0000,0,0,0,0,0,0,5343,0.0267,198,7428
6,2020,8,Mississippi,0,0.0000,0.0000,0,0,0,0,0,0,3475,0.1340,781,5827
6,2020,8,Missouri,0,0.0000,0.0000,0,0,0,0,0,0,4407,0.0418,476,11378
6,2020,8,Montana,0,0.0000,0.0000,0,0,0,0,0,0,3761,0.0270,48,1776
6,2020,8,Nebraska,0,0.0000,0.0000,0,0,0,0,0,0,4143,0.0306,84,2746
6,2020,8,Nevada,0,0.0000,0.0000,0,0,0,0,0,0,4472,0.1047,472,4508
6,2020,8,New Hampshire,0,0.0000,0.0000,0,0,0,0,0,0,5170,0.0059,11,1880
6,2020,8,New Jersey,0,0.0000,0.0000,0,0,0,0,0,0,6309,0.0139,154,11116
6,2020,8,New Mexico,0,0.0000,0.0000,0,0,0,0,0,0,4000,0.0259,80,3085
6,2020,8,New York,0,0.0000,0.0000,0,0,0,0,0,0,7336,0.0102,235,22972
6,2020,8,North Carolina,0,0.0000,0.0000,0,0,0,0,0,0,4732,0.0523,900,17224
6,2020,8,North Dakota,0,0.0000,0.0000,0,0,0,0,0,0,4533,0.0108,13,1200
6,2020,8,Ohio,0,0.0000,0.0000,0,0,0,0,0,0,4606,0.0386,780,20196
6,2020,8,Oklahoma,0,0.0000,0.0000,0,0,0,0,0,0,4104,0.0512,341,6664
6,2020,8,Oregon,0,0.0000,0.0000,0,0,0,0,0,0,4775,0.0207,122,5896
6,2020,8,Pennsylvania,0,0.0000,0.0000,0,0,0,0,0,0,5092,0.0237,498,21038
6,2020,8,Rhode Island,0,0.0000,0.0000,0,0,0,0,0,0,4905,0.0189,29,1532
6,2020,8,South Carolina,0,0.0000,0.0000,0,0,0,0,0,0,3995,0.1057,998,9444
6,2020,8,South Dakota,0,0.0000,0.0000,0,0,0,0,0,0,3904,0.0236,34,1442
6,2020,8,Tennessee,0,0.0000,0.0000,0,0,0,0,0,0,4446,0.0546,733,13428
6,2020,8,Texas,0,0.0000,0.0000,0,0,0,0,0,0,5334,0.1373,5146,37480
6,2020,8,Utah,0,0.0000,0.0000,0,0,0,0,0,0,4450,0.0258,82,3178
6,2020,8,Vermont,0,0.0000,0.0000,0,0,0,0,0,0,4247,0.0000,0,905
6,2020,8,Virginia,0,0.0000,0.0000,0,0,0,0,0,0,5343,0.0391,461,11796
6,2020,8,Washington,0,0.0000,0.0000,0,0,0,0,0,0,6119,0.0298,282,9462
6,2020,8,West Virginia,0,0.0000,0.0000,0,0,0,0,0,0,3917,0.0254,96,3773
6,2020,8,Wisconsin,0,0.0000,0.0000,0,0,0,0,0,0,4368,0.0215,187,8694
6,2020,8,Wyoming,0,0.0000,0.0000,0,0,0,0,0,0,4156,0.0000,0,792
7,2020,9,Alabama,0,0.0000,0.0000,0,0,0,0,0,0,4212,0.0483,561,11616
7,2020,9,Alaska,0,0.0000,0.0000,0,0,0,0,0,0,4905,0.0000,0,934
7,2020,9,Arizona,0,0.0000,0.0000,0,0,0,0,0,0,4754,0.0211,265,12546
7,2020,9,Arkansas,0,0.0000,0.0000,0,0,0,0,0,0,4000,0.0535,421,7862
7,2020,9,California,0,0.0000,0.0000,0,0,0,0,0,0,6318,0.0371,2058,55433
7,2020,9,Colorado,0,0.0000,0.0000,0,0,0,0,0,0,5560,0.0128,108,8452
7,2020,9,Connecticut,0,0.0000,0.0000,0,0,0,0,0,0,6522,0.0043,27,6338
7,2020,9,Delaware,0,0.0000,0.0000,0,0,0,0,0,0,5391,0.0052,10,1940
7,2020,9,Florida,0,0.0000,0.0000,0,0,0,0,0,0,4550,0.0462,2019,43715
7,2020,9,Georgia,0,0.0000,0.0000,0,0,0,0,0,0,5009,0.0498,961,19278
7,2020,9,Hawaii,0,0.0000,0.0000,0,0,0,0,0,0,4472,0.0535,120,2242
7,2020,9,Idaho,0,0.0000,0.0000,0,0,0,0,0,0,3744,0.0330,107,3238
7,2020,9,Illinois,0,0.0000,0.0000,0,0,0,0,0,0,5633,0.0238,547,22994
7,2020,9,Indiana,0,0.0000,0.0000,0,0,0,0,0,0,4303,0.0274,410,14980
7,2020,9,Iowa,0,0.0000,0.0000,0,0,0,0,0,0,4242,0.0342,246,7188
7,2020,9,Kansas,0,0.0000,0.0000,0,0,0,0,0,0,4195,0.0354,217,6122
7,2020,9,Kentucky,0,0.0000,0.0000,0,0,0,0,0,0,4086,0.0256,282,11004
7,2020,9,Louisiana,0,0.0000,0.0000,0,0,0,0,0,0,4190,0.0414,416,10060
7,2020,9,Maine,0,0.0000,0.0000,0,0,0,0,0,0,4138,0.0000,0,2760
7,2020,9,Maryland,0,0.0000,0.0000,0,0,0,0,0,0,5538,0.0170,183,10766
7,2020,9,Massachusetts,0,0.0000,0.0000,0,0,0,0,0,0,6959,0.0085,95,11220
7,2020,9,Michigan,0,0.0000,0.0000,0,0,0,0,0,0,4775,0.0101,213,21164
7,2020,9,Minnesota,0,0.0000,0.0000,0,0,0,0,0,0,5343,0.0233,231,9914
7,2020,9,Mississippi,0,0.0000,0.0000,0,0,0,0,0,0,3475,0.0617,439,7113
7,2020,9,Missouri,0,0.0000,0.0000,0,0,0,0,0,0,4407,0.0430,667,15520
7,2020,9,Montana,0,0.0000,0.0000,0,0,0,0,0,0,3761,0.0292,80,2744
7,2020,9,Nebraska,0,0.0000,0.0000,0,0,0,0,0,0,4143,0.0257,103,4010
7,2020,9,Nevada,0,0.0000,0.0000,0,0,0,0,0,0,4472,0.0404,225,5568
7,2020,9,New Hampshire,0,0.0000,0.0000,0,0,0,0,0,0,5170,0.0000,0,2350
7,2020,9,New Jersey,0,0.0000,0.0000,0,0,0,0,0,0,6309,0.0093,130,13950
7,2020,9,New Mexico,0,0.0000,0.0000,0,0,0,0,0,0,4000,0.0086,35,4070
7,2020,9,New York,0,0.0000,0.0000,0,0,0,0,0,0,7336,0.0067,203,30099
7,2020,9,North Carolina,0,0.0000,0.0000,0,0,0,0,0,0,4732,0.0429,906,21103
7,2020,9,North Dakota,0,0.0000,0.0000,0,0,0,0,0,0,4533,0.0503,106,2108
7,2020,9,Ohio,0,0.0000,0.0000,0,0,0,0,0,0,4606,0.0235,628,26742
7,2020,9,Oklahoma,0,0.0000,0.0000,0,0,0,0,0,0,4104,0.0373,347,9306
7,2020,9,Oregon,0,0.0000,0.0000,0,0,0,0,0,0,4775,0.0095,71,7504
7,2020,9,Pennsylvania,0,0.0000,0.0000,0,0,0,0,0,0,5092,0.0151,411,27286
7,2020,9,Rhode Island,0,0.0000,0.0000,0,0,0,0,0,0,4905,0.0173,35,2020
7,2020,9,South Carolina,0,0.0000,0.0000,0,0,0,0,0,0,3995,0.0520,593,11414
7,2020,9,South Dakota,0,0.0000,0.0000,0,0,0,0,0,0,3904,0.0473,101,2134
7,2020,9,Tennessee,0,0.0000,0.0000,0,0,0,0,0,0,4446,0.0390,695,17828
7,2020,9,Texas,0,0.0000,0.0000,0,0,0,0,0,0,5334,0.0489,2329,47637
7,2020,9,Utah,0,0.0000,0.0000,0,0,0,0,0,0,4450,0.0141,61,4324
7,2020,9,Vermont,0,0.0000,0.0000,0,0,0,0,0,0,4247,0.0000,0,1135
7,2020,9,Virginia,0,0.0000,0.0000,0,0,0,0,0,0,5343,0.0310,464,14968
7,2020,9,Washington,0,0.0000,0.0000,0,0,0,0,0,0,6119,0.0142,166,11686
7,2020,9,West Virginia,0,0.0000,0.0000,0,0,0,0,0,0,3917,0.0215,99,4598
7,2020,9,Wisconsin,0,0.0000,0.0000,0,0,0,0,0,0,4368,0.0164,210,12810
7,2020,9,Wyoming,0,0.0000,0.0000,0,0,0,0,0,0,4156,0.0000,0,1076
8,2020,10,Alabama,0,0.0000,0.0000,0,0,0,0,0,0,4212,0.0538,554,10294
8,2020,10,Alaska,0,0.0000,0.0000,0,0,0,0,0,0,4905,0.0256,22,860
8,2020,10,Arizona,0,0.0000,0.0000,0,0,0,0,0,0,4754,0.0219,250,11414
8,2020,10,Arkansas,0,0.0000,0.0000,0,0,0,0,0,0,4000,0.0901,618,6862
8,2020,10,California,0,0.0000,0.0000,0,0,0,0,0,0,6318,0.0296,1455,49201
8,2020,10,Colorado,0,0.0000,0.0000,0,0,0,0,0,0,5560,0.0280,246,8790
8,2020,10,Connecticut,0,0.0000,0.0000,0,0,0,0,0,0,6522,0.0244,142,5814
8,2020,10,Delaware,0,0.0000,0.0000,0,0,0,0,0,0,5391,0.0523,81,1548
8,2020,10,Florida,0,0.0000,0.0000,0,0,0,0,0,0,4550,0.0390,1404,35970
8,2020,10,Georgia,0,0.0000,0.0000,0,0,0,0,0,0,5009,0.0475,772,16236
8,2020,10,Hawaii,0,0.0000,0.0000,0,0,0,0,0,0,4472,0.0366,65,1774
8,2020,10,Idaho,0,0.0000,0.0000,0,0,0,0,0,0,3744,0.0557,176,3158
8,2020,10,Illinois,0,0.0000,0.0000,0,0,0,0,0,0,5633,0.0451,1077,23878
8,2020,10,Indiana,0,0.0000,0.0000,0,0,0,0,0,0,4303,0.0596,873,14654
8,2020,10,Iowa,0,0.0000,0.0000,0,0,0,0,0,0,4242,0.0701,520,7416
8,2020,10,Kansas,0,0.0000,0.0000,0,0,0,0,0,0,4195,0.0683,409,5984
8,2020,10,Kentucky,0,0.0000,0.0000,0,0,0,0,0,0,4086,0.0495,494,9976
8,2020,10,Louisiana,0,0.0000,0.0000,0,0,0,0,0,0,4190,0.0384,327,8520
8,2020,10,Maine,0,0.0000,0.0000,0,0,0,0,0,0,4138,0.0000,0,2586
8,2020,10,Maryland,0,0.0000,0.0000,0,0,0,0,0,0,5538,0.0259,238,9206
8,2020,10,Massachusetts,0,0.0000,0.0000,0,0,0,0,0,0,6959,0.0197,193,9821
8,2020,10,Michigan,0,0.0000,0.0000,0,0,0,0,0,0,4775,0.0288,578,20083
8,2020,10,Minnesota,0,0.0000,0.0000,0,0,0,0,0,0,5343,0.0484,488,10090
8,2020,10,Mississippi,0,0.0000,0.0000,0,0,0,0,0,0,3475,0.0581,361,6215
8,2020,10,Missouri,0,0.0000,0.0000,0,0,0,0,0,0,4407,0.0757,1120,14790
8,2020,10,Montana,0,0.0000,0.0000,0,0,0,0,0,0,3761,0.1097,271,2470
8,2020,10,Nebraska,0,0.0000,0.0000,0,0,0,0,0,0,4143,0.0642,277,4312
8,2020,10,Nevada,0,0.0000,0.0000,0,0,0,0,0,0,4472,0.0325,168,5168
8,2020,10,New Hampshire,0,0.0000,0.0000,0,0,0,0,0,0,5170,0.0164,35,2134
8,2020,10,New Jersey,0,0.0000,0.0000,0,0,0,0,0,0,6309,0.0210,276,13139
8,2020,10,New Mexico,0,0.0000,0.0000,0,0,0,0,0,0,4000,0.0347,156,4498
8,2020,10,New York,0,0.0000,0.0000,0,0,0,0,0,0,7336,0.0160,421,26264
8,2020,10,North Carolina,0,0.0000,0.0000,0,0,0,0,0,0,4732,0.0540,980,18153
8,2020,10,North Dakota,0,0.0000,0.0000,0,0,0,0,0,0,4533,0.1488,299,2010
8,2020,10,Ohio,0,0.0000,0.0000,0,0,0,0,0,0,4606,0.0379,980,25844
8,2020,10,Oklahoma,0,0.0000,0.0000,0,0,0,0,0,0,4104,0.0684,600,8778
8,2020,10,Oregon,0,0.0000,0.0000,0,0,0,0,0,0,4775,0.0187,126,6756
8,2020,10,Pennsylvania,0,0.0000,0.0000,0,0,0,0,0,0,5092,0.0276,723,26240
8,2020,10,Rhode Island,0,0.0000,0.0000,0,0,0,0,0,0,4905,0.0470,87,1852
8,2020,10,South Carolina,0,0.0000,0.0000,0,0,0,0,0,0,3995,0.0507,479,9454
8,2020,10,South Dakota,0,0.0000,0.0000,0,0,0,0,0,0,3904,0.0951,254,2670
8,2020,10,Tennessee,0,0.0000,0.0000,0,0,0,0,0,0,4446,0.0625,958,15336
8,2020,10,Texas,0,0.0000,0.0000,0,0,0,0,0,0,5334,0.0653,2857,43740
8,2020,10,Utah,0,0.0000,0.0000,0,0,0,0,0,0,4450,0.0460,181,3932
8,2020,10,Vermont,0,0.0000,0.0000,0,0,0,0,0,0,4247,0.0000,0,923
8,2020,10,Virginia,0,0.0000,0.0000,0,0,0,0,0,0,5343,0.0372,474,12748
8,2020,10,Washington,0,0.0000,0.0000,0,0,0,0,0,0,6119,0.0226,233,10316
8,2020,10,West Virginia,0,0.0000,0.0000,0,0,0,0,0,0,3917,0.0307,132,4294
8,2020,10,Wisconsin,0,0.0000,0.0000,0,0,0,0,0,0,4368,0.0741,979,13220
8,2020,10,Wyoming,0,0.0000,0.0000,0,0,0,0,0,0,4156,0.0640,65,1016
9,2020,11,Alabama,0,0.0000,0.0000,0,0,0,0,0,0,4212,0.0618,762,12326
9,2020,11,Alaska,0,0.0000,0.0000,0,0,0,0,0,0,4905,0.0573,51,890
9,2020,11,Arizona,0,0.0000,0.0000,0,0,0,0,0,0,4754,0.0529,846,16004
9,2020,11,Arkansas,0,0.0000,0.0000,0,0,0,0,0,0,4000,0.1127,835,7410
9,2020,11,California,0,0.0000,0.0000,0,0,0,0,0,0,6318,0.0366,2567,70162
9,2020,11,Colorado,0,0.0000,0.0000,0,0,0,0,0,0,5560,0.1154,1111,9627
9,2020,11,Connecticut,0,0.0000,0.0000,0,0,0,0,0,0,6522,0.0713,492,6900
9,2020,11,Delaware,0,0.0000,0.0000,0,0,0,0,0,0,5391,0.0428,89,2080
9,2020,11,Florida,0,0.0000,0.0000,0,0,0,0,0,0,4550,0.0440,1765,40150
9,2020,11,Georgia,0,0.0000,0.0000,0,0,0,0,0,0,5009,0.0535,986,18426
9,2020,11,Hawaii,0,0.0000,0.0000,0,0,0,0,0,0,4472,0.0064,11,1712
9,2020,11,Idaho,0,0.0000,0.0000,0,0,0,0,0,0,3744,0.1225,374,3052
9,2020,11,Illinois,0,0.0000,0.0000,0,0,0,0,0,0,5633,0.1305,3340,25592
9,2020,11,Indiana,0,0.0000,0.0000,0,0,0,0,0,0,4303,0.1247,2028,16260
9,2020,11,Iowa,0,0.0000,0.0000,0,0,0,0,0,0,4242,0.2077,1506,7252
9,2020,11,Kansas,0,0.0000,0.0000,0,0,0,0,0,0,4195,0.1282,903,7046
9,2020,11,Kentucky,0,0.0000,0.0000,0,0,0,0,0,0,4086,0.0934,1052,11268
9,2020,11,Louisiana,0,0.0000,0.0000,0,0,0,0,0,0,4190,0.0501,480,9576
9,2020,11,Maine,0,0.0000,0.0000,0,0,0,0,0,0,4138,0.0309,83,2686
9,2020,11,Maryland,0,0.0000,0.0000,0,0,0,0,0,0,5538,0.0579,626,10804
9,2020,11,Massachusetts,0,0.0000,0.0000,0,0,0,0,0,0,6959,0.0423,478,11311
9,2020,11,Michigan,0,0.0000,0.0000,0,0,0,0,0,0,4775,0.0940,2095,22294
9,2020,11,Minnesota,0,0.0000,0.0000,0,0,0,0,0,0,5343,0.1421,1474,10376
9,2020,11,Mississippi,0,0.0000,0.0000,0,0,0,0,0,0,3475,0.0786,580,7379
9,2020,11,Missouri,0,0.0000,0.0000,0,0,0,0,0,0,4407,0.1338,2060,15398
9,2020,11,Montana,0,0.0000,0.0000,0,0,0,0,0,0,3761,0.1746,396,2268
9,2020,11,Nebraska,0,0.0000,0.0000,0,0,0,0,0,0,4143,0.2111,790,3742
9,2020,11,Nevada,0,0.0000,0.0000,0,0,0,0,0,0,4472,0.0765,518,6770
9,2020,11,New Hampshire,0,0.0000,0.0000,0,0,0,0,0,0,5170,0.0276,68,2467
9,2020,11,New Jersey,0,0.0000,0.0000,0,0,0,0,0,0,6309,0.0576,931,16170
9,2020,11,New Mexico,0,0.0000,0.0000,0,0,0,0,0,0,4000,0.1498,783,5228
9,2020,11,New York,0,0.0000,0.0000,0,0,0,0,0,0,7336,0.0376,1197,31810
9,2020,11,North Carolina,0,0.0000,0.0000,0,0,0,0,0,0,4732,0.0634,1276,20121
9,2020,11,North Dakota,0,0.0000,0.0000,0,0,0,0,0,0,4533,0.3134,551,1758
9,2020,11,Ohio,0,0.0000,0.0000,0,0,0,0,0,0,4606,0.0953,3071,32238
9,2020,11,Oklahoma,0,0.0000,0.0000,0,0,0,0,0,0,4104,0.1223,1244,10172
9,2020,11,Oregon,0,0.0000,0.0000,0,0,0,0,0,0,4775,0.0426,317,7448
9,2020,11,Pennsylvania,0,0.0000,0.0000,0,0,0,0,0,0,5092,0.0745,2564,34408
9,2020,11,Rhode Island,0,0.0000,0.0000,0,0,0,0,0,0,4905,0.0816,196,2402
9,2020,11,South Carolina,0,0.0000,0.0000,0,0,0,0,0,0,3995,0.0490,525,10708
9,2020,11,South Dakota,0,0.0000,0.0000,0,0,0,0,0,0,3904,0.3481,692,1988
9,2020,11,Tennessee,0,0.0000,0.0000,0,0,0,0,0,0,4446,0.0894,1595,17846
9,2020,11,Texas,0,0.0000,0.0000,0,0,0,0,0,0,5334,0.1086,5215,48022
9,2020,11,Utah,0,0.0000,0.0000,0,0,0,0,0,0,4450,0.0987,420,4256
9,2020,11,Vermont,0,0.0000,0.0000,0,0,0,0,0,0,4247,0.0000,0,1014
9,2020,11,Virginia,0,0.0000,0.0000,0,0,0,0,0,0,5343,0.0512,736,14384
9,2020,11,Washington,0,0.0000,0.0000,0,0,0,0,0,0,6119,0.0428,474,11078
9,2020,11,West Virginia,0,0.0000,0.0000,0,0,0,0,0,0,3917,0.0564,296,5246
9,2020,11,Wisconsin,0,0.0000,0.0000,0,0,0,0,0,0,4368,0.1731,2121,12250
9,2020,11,Wyoming,0,0.0000,0.0000,0,0,0,0,0,0,4156,0.1435,153,1066
10,2020,12,Alabama,0,0.0000,0.0000,0,0,0,0,8169,18542,4212,0.1232,1739,14116
10,2020,12,Alaska,0,0.0000,0.0000,0,0,0,0,1341,13205,4905,0.1038,83,800
10,2020,12,Arizona,0,0.0000,0.0000,0,0,0,0,7811,35853,4754,0.1607,3006,18708
10,2020,12,Arkansas,0,0.0000,0.0000,0,0,0,0,4858,28943,4000,0.1487,1122,7544
10,2020,12,California,0,0.0000,0.0000,0,0,0,0,42310,291063,6318,0.1515,13176,86983
10,2020,12,Colorado,0,0.0000,0.0000,0,0,0,0,30301,52393,5560,0.2088,1672,8008
10,2020,12,Connecticut,0,0.0000,0.0000,0,0,0,0,36821,31219,6522,0.1604,1082,6746
10,2020,12,Delaware,0,0.0000,0.0000,0,0,0,0,2147,7437,5391,0.1273,275,2160
10,2020,12,Florida,0,0.0000,0.0000,0,0,0,0,86741,126275,4550,0.0696,3142,45144
10,2020,12,Georgia,0,0.0000,0.0000,0,0,0,0,20241,54892,5009,0.0820,1914,23332
10,2020,12,Hawaii,0,0.0000,0.0000,0,0,0,0,5867,19125,4472,0.0000,0,1720
10,2020,12,Idaho,0,0.0000,0.0000,0,0,0,0,2512,11097,3744,0.1679,447,2662
10,2020,12,Illinois,0,0.0000,0.0000,0,0,0,0,31689,117166,5633,0.1947,4175,21444
10,2020,12,Indiana,0,0.0000,0.0000,0,0,0,0,3772,70579,4303,0.2051,3000,14624
10,2020,12,Iowa,0,0.0000,0.0000,0,0,0,0,28423,17166,4242,0.2163,1269,5868
10,2020,12,Kansas,0,0.0000,0.0000,0,0,0,0,3773,9935,4195,0.2267,1327,5854
10,2020,12,Kentucky,0,0.0000,0.0000,0,0,0,0,29234,23061,4086,0.1528,1611,10544
10,2020,12,Louisiana,0,0.0000,0.0000,0,0,0,0,4062,40288,4190,0.0946,1025,10836
10,2020,12,Maine,0,0.0000,0.0000,0,0,0,0,10593,12751,4138,0.0724,201,2776
10,2020,12,Maryland,0,0.0000,0.0000,0,0,0,0,17320,32984,5538,0.1374,1504,10949
10,2020,12,Massachusetts,0,0.0000,0.0000,0,0,0,0,21233,54969,6959,0.1077,1338,12422
10,2020,12,Michigan,0,0.0000,0.0000,0,0,0,0,9788,58610,4775,0.1729,3209,18560
10,2020,12,Minnesota,0,0.0000,0.0000,0,0,0,0,3864,57518,5343,0.2143,1753,8179
10,2020,12,Mississippi,0,0.0000,0.0000,0,0,0,0,6388,10497,3475,0.1374,1112,8096
10,2020,12,Missouri,0,0.0000,0.0000,0,0,0,0,14308,64733,4407,0.1688,2324,13770
10,2020,12,Montana,0,0.0000,0.0000,0,0,0,0,7158,10346,3761,0.1964,359,1828
10,2020,12,Nebraska,0,0.0000,0.0000,0,0,0,0,10556,16924,4143,0.1919,614,3200
10,2020,12,Nevada,0,0.0000,0.0000,0,0,0,0,6502,19143,4472,0.1847,1230,6658
10,2020,12,New Hampshire,0,0.0000,0.0000,0,0,0,0,14153,11211,5170,0.1123,271,2414
10,2020,12,New Jersey,0,0.0000,0.0000,0,0,0,0,24684,54153,6309,0.1446,2374,16422
10,2020,12,New Mexico,0,0.0000,0.0000,0,0,0,0,3758,26768,4000,0.2432,1035,4256
10,2020,12,New York,0,0.0000,0.0000,0,0,0,0,64721,133394,7336,0.1118,4072,36406
10,2020,12,North Carolina,0,0.0000,0.0000,0,0,0,0,18221,70625,4732,0.1070,2496,23324
10,2020,12,North Dakota,0,0.0000,0.0000,0,0,0,0,7377,8581,4533,0.3055,336,1100
10,2020,12,Ohio,0,0.0000,0.0000,0,0,0,0,57060,37062,4606,0.2212,6046,27334
10,2020,12,Oklahoma,0,0.0000,0.0000,0,0,0,0,8321,38288,4104,0.1988,2005,10088
10,2020,12,Oregon,0,0.0000,0.0000,0,0,0,0,8098,23285,4775,0.0824,568,6894
10,2020,12,Pennsylvania,0,0.0000,0.0000,0,0,0,0,36320,107061,5092,0.2134,6539,30648
10,2020,12,Rhode Island,0,0.0000,0.0000,0,0,0,0,2064,11102,4905,0.2272,508,2236
10,2020,12,South Carolina,0,0.0000,0.0000,0,0,0,0,940,49309,3995,0.0901,1173,13026
10,2020,12,South Dakota,0,0.0000,0.0000,0,0,0,0,10519,10635,3904,0.2740,422,1540
10,2020,12,Tennessee,0,0.0000,0.0000,0,0,0,0,27626,59703,4446,0.1476,2686,18198
10,2020,12,Texas,0,0.0000,0.0000,0,0,0,0,218650,299350,5334,0.1358,7551,55624
10,2020,12,Utah,0,0.0000,0.0000,0,0,0,0,6370,17925,4450,0.1314,525,3994
10,2020,12,Vermont,0,0.0000,0.0000,0,0,0,0,4326,7914,4247,0.0685,64,934
10,2020,12,Virginia,0,0.0000,0.0000,0,0,0,0,27359,52061,5343,0.0943,1540,16326
10,2020,12,Washington,0,0.0000,0.0000,0,0,0,0,11361,44079,6119,0.0854,932,10910
10,2020,12,West Virginia,0,0.0000,0.0000,0,0,0,0,11072,52991,3917,0.1439,754,5238
10,2020,12,Wisconsin,0,0.0000,0.0000,0,0,0,0,16772,36065,4368,0.1729,1765,10206
10,2020,12,Wyoming,0,0.0000,0.0000,0,0,0,0,838,3923,4156,0.1991,172,864
11,2021,1,Alabama,0,0.0000,0.0000,0,0,0,0,192746,161228,4316,0.2157,2405,11152
11,2021,1,Alaska,0,0.0000,0.0000,0,0,0,0,47231,72334,4875,0.0364,23,632
11,2021,1,Arizona,0,0.0000,0.0000,0,0,0,0,226937,367040,4983,0.2968,3997,13466
11,2021,1,Arkansas,0,0.0000,0.0000,0,0,0,0,114897,188878,4147,0.1806,1165,6452
11,2021,1,California,0,0.0000,0.0000,0,0,0,0,1518674,1766677,7033,0.3296,20015,60728
11,2021,1,Colorado,0,0.0000,0.0000,0,0,0,0,293769,275337,5785,0.1060,748,7058
11,2021,1,Connecticut,0,0.0000,0.0000,0,0,0,0,200874,235963,6825,0.1792,1018,5680
11,2021,1,Delaware,0,0.0000,0.0000,0,0,0,0,51896,48041,5477,0.1726,309,1790
11,2021,1,Florida,0,0.0000,0.0000,0,0,0,0,948508,1009801,4784,0.1188,4999,42076
11,2021,1,Georgia,0,0.0000,0.0000,0,0,0,0,494559,411513,5191,0.2089,3952,18918
11,2021,1,Hawaii,0,0.0000,0.0000,0,0,0,0,16661,18846,4728,0.0148,29,1964
11,2021,1,Idaho,0,0.0000,0.0000,0,0,0,0,66676,54143,3926,0.1036,251,2422
11,2021,1,Illinois,0,0.0000,0.0000,0,0,0,0,433553,577704,6010,0.1223,2399,19620
11,2021,1,Indiana,0,0.0000,0.0000,0,0,0,0,224273,382701,4446,0.1707,2056,12044
11,2021,1,Iowa,0,0.0000,0.0000,0,0,0,0,136684,115400,4351,0.1414,698,4938
11,2021,1,Kansas,0,0.0000,0.0000,0,0,0,0,111344,110103,4273,0.1881,914,4858
11,2021,1,Kentucky,0,0.0000,0.0000,0,0,0,0,224548,180143,4182,0.1488,1366,9180
11,2021,1,Louisiana,0,0.0000,0.0000,0,0,0,0,147175,296120,4234,0.1428,1323,9262
11,2021,1,Maine,0,0.0000,0.0000,0,0,0,0,72871,67467,4333,0.1007,237,2354
11,2021,1,Maryland,0,0.0000,0.0000,0,0,0,0,251642,253659,6006,0.1431,1406,9826
11,2021,1,Massachusetts,0,0.0000,0.0000,0,0,0,0,262495,316671,7505,0.1556,1704,10952
11,2021,1,Michigan,0,0.0000,0.0000,0,0,0,0,312505,664525,5005,0.1009,1723,17070
11,2021,1,Minnesota,0,0.0000,0.0000,0,0,0,0,175481,343181,5590,0.1056,796,7536
11,2021,1,Mississippi,0,0.0000,0.0000,0,0,0,0,134882,101284,3514,0.2001,1319,6592
11,2021,1,Missouri,0,0.0000,0.0000,0,0,0,0,122362,321932,4572,0.1466,1721,11736
11,2021,1,Montana,0,0.0000,0.0000,0,0,0,0,59852,44643,3965,0.1022,173,1692
11,2021,1,Nebraska,0,0.0000,0.0000,0,0,0,0,91836,85741,4290,0.1300,341,2624
11,2021,1,Nevada,0,0.0000,0.0000,0,0,0,0,122437,118641,4680,0.2152,1174,5456
11,2021,1,New Hampshire,0,0.0000,0.0000,0,0,0,0,69001,59285,5451,0.1494,308,2062
11,2021,1,New Jersey,0,0.0000,0.0000,0,0,0,0,431550,363415,6643,0.1642,2467,15022
11,2021,1,New Mexico,0,0.0000,0.0000,0,0,0,0,93072,170880,4151,0.1918,701,3654
11,2021,1,New York,0,0.0000,0.0000,0,0,0,0,923399,951852,8099,0.1905,6265,32886
11,2021,1,North Carolina,0,0.0000,0.0000,0,0,0,0,326180,625148,4927,0.1858,3640,19588
11,2021,1,North Dakota,0,0.0000,0.0000,0,0,0,0,48867,49048,4494,0.0826,89,1078
11,2021,1,Ohio,0,0.0000,0.0000,0,0,0,0,569354,384365,4758,0.1787,4174,23360
11,2021,1,Oklahoma,0,0.0000,0.0000,0,0,0,0,217734,220248,4069,0.2445,1946,7960
11,2021,1,Oregon,0,0.0000,0.0000,0,0,0,0,183611,223809,5079,0.0686,442,6442
11,2021,1,Pennsylvania,0,0.0000,0.0000,0,0,0,0,499724,588430,5313,0.1897,4793,25260
11,2021,1,Rhode Island,0,0.0000,0.0000,0,0,0,0,43006,48171,5074,0.2194,414,1887
11,2021,1,South Carolina,0,0.0000,0.0000,0,0,0,0,100943,338316,4147,0.1948,2088,10718
11,2021,1,South Dakota,0,0.0000,0.0000,0,0,0,0,53126,52822,4039,0.1319,177,1342
11,2021,1,Tennessee,0,0.0000,0.0000,0,0,0,0,249070,359519,4667,0.1930,2808,14548
11,2021,1,Texas,0,0.0000,0.0000,0,0,0,0,1245018,1163861,5464,0.2211,10705,48416
11,2021,1,Utah,0,0.0000,0.0000,0,0,0,0,138406,148095,4615,0.1295,441,3406
11,2021,1,Vermont,0,0.0000,0.0000,0,0,0,0,31536,35618,4455,0.0174,19,1094
11,2021,1,Virginia,0,0.0000,0.0000,0,0,0,0,370018,463175,5568,0.1577,2287,14502
11,2021,1,Washington,0,0.0000,0.0000,0,0,0,0,176436,314595,6673,0.0770,780,10136
11,2021,1,West Virginia,0,0.0000,0.0000,0,0,0,0,340127,343913,3948,0.1651,706,4275
11,2021,1,Wisconsin,0,0.0000,0.0000,0,0,0,0,108529,151245,4537,0.1135,1028,9060
11,2021,1,Wyoming,0,0.0000,0.0000,0,0,0,0,28339,28667,4130,0.1093,87,796
12,2021,2,Alabama,0,0.1330,0.0000,0,0,0,0,501080,441422,4316,0.1040,955,9180
12,2021,2,Alaska,0,0.2280,0.0000,0,0,0,0,122267,142420,4875,0.0000,0,678
12,2021,2,Arizona,0,0.1680,0.0000,0,0,0,0,793364,998713,4983,0.1443,1611,11166
12,2021,2,Arkansas,0,0.1390,0.0000,0,0,0,0,312045,337203,4147,0.0838,470,5608
12,2021,2,California,0,0.1550,0.0000,0,0,0,0,4299965,4520719,7033,0.1575,7695,48857
12,2021,2,Colorado,0,0.1570,0.0000,0,0,0,0,677569,693661,5785,0.0459,320,6976
12,2021,2,Connecticut,0,0.1940,0.0000,0,0,0,0,446035,558419,6825,0.0921,471,5112
12,2021,2,Delaware,0,0.1480,0.0000,0,0,0,0,109537,109748,5477,0.0840,140,1666
12,2021,2,Florida,0,0.1470,0.0000,0,0,0,0,2506961,2532220,4784,0.0847,3181,37542
12,2021,2,Georgia,0,0.1190,0.0000,0,0,0,0,1168362,903897,5191,0.1201,1851,15410
12,2021,2,Hawaii,0,0.1750,0.0000,0,0,0,0,120002,169036,4728,0.0000,0,1858
12,2021,2,Idaho,0,0.1440,0.0000,0,0,0,0,209784,182449,3926,0.0439,103,2346
12,2021,2,Illinois,0,0.1580,0.0000,0,0,0,0,1377185,1446004,6010,0.0621,1059,17066
12,2021,2,Indiana,0,0.1490,0.0000,0,0,0,0,744566,844376,4446,0.0681,734,10782
12,2021,2,Iowa,0,0.1690,0.0000,0,0,0,0,416168,296767,4351,0.0586,261,4454
12,2021,2,Kansas,0,0.1480,0.0000,0,0,0,0,347222,262485,4273,0.0652,273,4184
12,2021,2,Kentucky,0,0.1560,0.0000,0,0,0,0,541208,478788,4182,0.0873,744,8524
12,2021,2,Louisiana,0,0.1430,0.0000,0,0,0,0,435781,620479,4234,0.0735,609,8290
12,2021,2,Maine,0,0.1690,0.0000,0,0,0,0,172417,160562,4333,0.0404,90,2230
12,2021,2,Maryland,0,0.1460,0.0000,0,0,0,0,664465,660717,6006,0.0918,826,8994
12,2021,2,Massachusetts,0,0.1770,0.0000,0,0,0,0,850688,885201,7505,0.0835,798,9560
12,2021,2,Michigan,0,0.1490,0.0000,0,0,0,0,994058,1324357,5005,0.0418,668,15974
12,2021,2,Minnesota,0,0.1670,0.0000,0,0,0,0,607020,786825,5590,0.0417,293,7024
12,2021,2,Mississippi,0,0.1390,0.0000,0,0,0,0,346333,272673,3514,0.1028,576,5604
12,2021,2,Missouri,0,0.1320,0.0000,0,0,0,0,472319,806932,4572,0.0590,629,10660
12,2021,2,Montana,0,0.1770,0.0000,0,0,0,0,160107,121244,3965,0.0410,64,1562
12,2021,2,Nebraska,0,0.1600,0.0000,0,0,0,0,238316,235183,4290,0.0439,116,2644
12,2021,2,Nevada,0,0.1450,0.0000,0,0,0,0,323843,361849,4680,0.1180,545,4619
12,2021,2,New Hampshire,0,0.1720,0.0000,0,0,0,0,181623,139952,5451,0.0423,79,1866
12,2021,2,New Jersey,0,0.1600,0.0000,0,0,0,0,1119628,945563,6643,0.1092,1439,13179
12,2021,2,New Mexico,0,0.2230,0.0000,0,0,0,0,305639,399187,4151,0.0849,294,3464
12,2021,2,New York,0,0.1380,0.0000,0,0,0,0,2185406,2039393,8099,0.1441,4117,28570
12,2021,2,North Carolina,0,0.1500,0.0000,0,0,0,0,1017682,1449744,4927,0.1030,1676,16264
12,2021,2,North Dakota,0,0.1930,0.0000,0,0,0,0,117317,116892,4494,0.0211,23,1090
12,2021,2,Ohio,0,0.1440,0.0000,0,0,0,0,1384582,1213669,4758,0.0814,1630,20033
12,2021,2,Oklahoma,0,0.1740,0.0000,0,0,0,0,520084,575273,4069,0.1180,783,6638
12,2021,2,Oregon,0,0.1500,0.0000,0,0,0,0,475523,518084,5079,0.0259,165,6382
12,2021,2,Pennsylvania,0,0.1490,0.0000,0,0,0,0,1448226,1303542,5313,0.0875,1915,21888
12,2021,2,Rhode Island,0,0.1730,0.0000,0,0,0,0,144291,112464,5074,0.1082,182,1682
12,2021,2,South Carolina,0,0.1430,0.0000,0,0,0,0,380046,705572,4147,0.1164,1051,9032
12,2021,2,South Dakota,0,0.2080,0.0000,0,0,0,0,143067,135205,4039,0.0387,49,1266
12,2021,2,Tennessee,0,0.1290,0.0000,0,0,0,0,640497,717512,4667,0.0749,973,12982
12,2021,2,Texas,0,0.1220,0.0000,0,0,0,0,2824842,2741626,5464,0.1506,5807,38568
12,2021,2,Utah,0,0.1220,0.0000,0,0,0,0,329567,358938,4615,0.0529,169,3192
12,2021,2,Vermont,0,0.1680,0.0000,0,0,0,0,87451,74963,4455,0.0120,11,919
12,2021,2,Virginia,0,0.1580,0.0000,0,0,0,0,983697,1102341,5568,0.0980,1214,12382
12,2021,2,Washington,0,0.1650,0.0000,0,0,0,0,636559,833889,6673,0.0403,388,9622
12,2021,2,West Virginia,0,0.1490,0.0000,0,0,0,0,882469,845885,3948,0.0672,267,3972
12,2021,2,Wisconsin,0,0.1770,0.0000,0,0,0,0,268325,263970,4537,0.0483,399,8258
12,2021,2,Wyoming,656899,0.1730,0.0000,0,0,0,0,82842,73515,4130,0.0598,42,702
13,2021,3,Alabama,163100,0.2360,0.1340,41322,307276,308272,40301,858175,830260,4316,0.0409,374,9150
13,2021,3,Alaska,1242599,0.3400,0.2230,5511,71040,86540,5645,185830,215702,4875,0.0000,0,632
13,2021,3,Arizona,419462,0.2960,0.1710,46158,534411,661521,47798,1562755,1839524,4983,0.0488,506,10378
13,2021,3,Arkansas,6348325,0.2610,0.1390,25633,197685,196091,26392,578261,578382,4147,0.0374,191,5112
13,2021,3,California,1008589,0.3070,0.1610,353387,2762812,3231877,355818,8562134,9303927,7033,0.0531,2322,43713
13,2021,3,Colorado,725544,0.2990,0.1750,58861,449923,499651,59863,1296822,1333879,5785,0.0298,199,6678
13,2021,3,Connecticut,159773,0.3540,0.2040,47880,291492,386152,47972,853195,1052954,6825,0.0498,238,4776
13,2021,3,Delaware,97469,0.3100,0.1640,10480,66139,83133,10187,194555,258667,5477,0.0392,57,1454
13,2021,3,Florida,1301323,0.2800,0.1580,233503,1489412,1657337,235356,4518766,4796062,4784,0.0490,1817,37066
13,2021,3,Georgia,268481,0.2370,0.1230,67952,663338,569864,70348,1953161,1832089,5191,0.0508,756,14872
13,2021,3,Hawaii,294187,0.3180,0.1900,9648,99107,141687,9505,254581,347722,4728,0.0000,0,1884
13,2021,3,Idaho,2089452,0.2580,0.1650,15122,138784,140228,15326,361741,375041,3926,0.0265,64,2418
13,2021,3,Illinois,1123914,0.3100,0.1650,120925,937540,1030131,123582,2765948,3040738,6010,0.0310,542,17478
13,2021,3,Indiana,610099,0.2530,0.1670,57063,490328,575098,56721,1252236,1474087,4446,0.0296,315,10654
13,2021,3,Iowa,491016,0.3080,0.1930,40584,306993,262496,40500,791864,707181,4351,0.0307,145,4716
13,2021,3,Kansas,775208,0.3000,0.1690,23685,245076,222145,23025,663527,604187,4273,0.0289,117,4046
13,2021,3,Kentucky,758829,0.3100,0.1740,44143,348755,382201,46326,994082,1059822,4182,0.0464,383,8246
13,2021,3,Louisiana,264659,0.2620,0.1630,52826,290568,415068,54389,876060,1032358,4234,0.0410,321,7834
13,2021,3,Maine,1039090,0.3430,0.1970,22244,119411,122985,22139,337288,338177,4333,0.0119,28,2360
13,2021,3,Maryland,1307031,0.3120,0.1720,72676,471335,494593,73750,1334983,1398992,6006,0.0554,483,8718
13,2021,3,Massachusetts,1693046,0.3430,0.1900,86812,602579,617631,86677,1751464,1772862,7505,0.0454,406,8948
13,2021,3,Michigan,1060778,0.2860,0.1700,89879,723929,879163,88886,2083628,2247279,5005,0.0315,571,18128
13,2021,3,Minnesota,450944,0.3150,0.1880,68889,452696,539146,68141,1274752,1408838,5590,0.0282,201,7136
13,2021,3,Mississippi,924402,0.2470,0.1520,27515,215858,207558,28204,585091,544480,3514,0.0512,269,5256
13,2021,3,Missouri,205138,0.2560,0.1510,47188,357441,519733,45781,1051310,1427417,4572,0.0296,313,10586
13,2021,3,Montana,361958,0.3060,0.1920,9774,102121,93207,9833,269696,243241,3965,0.0310,49,1580
13,2021,3,Nebraska,492187,0.3080,0.1870,23374,158865,179214,22711,434168,482125,4290,0.0266,70,2628
13,2021,3,Nevada,239872,0.2770,0.1600,28886,204984,258315,29286,589427,729813,4680,0.0481,212,4410
13,2021,3,New Hampshire,1659604,0.3050,0.1760,15745,126266,97855,14965,323452,276540,5451,0.0249,45,1804
13,2021,3,New Jersey,493018,0.3320,0.1870,96248,743713,819635,96033,2099048,2185479,6643,0.0791,1026,12978
13,2021,3,New Mexico,3285602,0.3810,0.2350,22796,201696,268118,23527,567957,664964,4151,0.0399,135,3386
13,2021,3,New York,1724042,0.3110,0.1690,210975,1406444,1667947,213196,4259152,4788375,8099,0.1010,2690,26636
13,2021,3,North Carolina,154549,0.2890,0.1640,120705,670211,933100,122681,2013236,2555269,4927,0.0387,616,15902
13,2021,3,North Dakota,1970300,0.3230,0.2030,8853,70324,75372,9922,193094,210370,4494,0.0000,0,1048
13,2021,3,Ohio,704689,0.2910,0.1690,144701,907376,917021,147209,2508125,2635901,4758,0.0385,765,19849
13,2021,3,Oklahoma,703262,0.3100,0.1780,31964,306597,366127,32145,897952,1000061,4069,0.0469,298,6360
13,2021,3,Oregon,2128284,0.2810,0.1670,40479,314266,348326,40688,878703,933606,5079,0.0170,106,6232
13,2021,3,Pennsylvania,221888,0.3180,0.1660,133985,939224,1054968,131640,2826628,3098369,5313,0.0448,986,22002
13,2021,3,Rhode Island,774353,0.3300,0.2090,13233,106556,102096,13365,266897,278922,5074,0.0519,80,1542
13,2021,3,South Carolina,198087,0.2730,0.1500,47294,259530,467326,48504,830355,1270578,4147,0.0542,465,8582
13,2021,3,South Dakota,942765,0.3480,0.2240,8734,93484,95864,8784,242800,245004,4039,0.0177,22,1242
13,2021,3,Tennessee,3973093,0.2510,0.1380,54537,412668,474703,54864,1239268,1358043,4667,0.0422,552,13078
13,2021,3,Texas,365896,0.2580,0.1370,276434,1731154,1965070,282288,5316868,6004353,5464,0.0743,2653,35706
13,2021,3,Utah,117656,0.2540,0.1140,30935,157229,177732,32690,613067,681730,4615,0.0289,88,3050
13,2021,3,Vermont,1457374,0.3350,0.1890,5690,53892,58009,5939,158725,163551,4455,0.0000,0,866
13,2021,3,Virginia,1079684,0.3130,0.1710,93060,626986,737076,93286,1839507,2123380,5568,0.0485,569,11728
13,2021,3,Washington,1365670,0.3180,0.1850,54883,458750,565989,56623,1316087,1532474,6673,0.0197,189,9592
13,2021,3,West Virginia,336742,0.2980,0.1790,75379,609332,680454,75253,1647340,1861529,3948,0.0256,98,3834
13,2021,3,Wisconsin,105052,0.3000,0.1880,8766,156055,171898,8294,430599,435566,4537,0.0215,176,8196
13,2021,3,Wyoming,1143488,0.2710,0.1820,4847,50026,50157,5274,130987,126049,4130,0.0000,0,646
14,2021,4,Alabama,256564,0.3240,0.2330,75892,507879,559658,74183,1234231,1282749,4316,0.0180,202,11213
14,2021,4,Alaska,2106896,0.4170,0.3510,13214,112074,131258,14202,247881,290632,4875,0.0000,0,912
14,2021,4,Arizona,765888,0.4070,0.2890,130936,863266,1111711,135597,2220851,2710990,4983,0.0168,219,13047
14,2021,4,Arkansas,11945441,0.3550,0.2540,53486,346704,365592,54811,839230,892803,4147,0.0101,68,6703
14,2021,4,California,1856500,0.4850,0.3020,1081723,5042005,5820969,1090803,13349744,15779578,7033,0.0185,983,53211
14,2021,4,Colorado,1372774,0.4650,0.3220,143219,807373,905578,145113,2008711,2287840,5785,0.0239,202,8460
14,2021,4,Connecticut,316204,0.5480,0.3850,123212,544325,705180,123107,1326808,1770557,6825,0.0313,187,5980
14,2021,4,Delaware,210078,0.4670,0.3250,32945,116099,167061,33642,306593,419044,5477,0.0287,56,1951
14,2021,4,Florida,2591190,0.4160,0.2900,537811,2555004,3124002,543701,6603553,7988406,4784,0.0329,1494,45386
14,2021,4,Georgia,504812,0.3490,0.2440,138996,1157872,1294078,142043,2849338,3314280,5191,0.0285,521,18253
14,2021,4,Hawaii,482267,0.5270,0.3570,21648,176847,288246,21210,431133,679084,4728,0.0000,0,2250
14,2021,4,Idaho,3855677,0.3390,0.2700,30644,205665,245809,30793,480149,565120,3926,0.0264,76,2877
14,2021,4,Illinois,1804874,0.4640,0.3040,309342,1567065,1977590,308853,4043257,5088273,6010,0.0339,729,21533
14,2021,4,Indiana,1066664,0.3600,0.2680,132199,726201,943821,133681,1744379,2258740,4446,0.0215,287,13342
14,2021,4,Iowa,916534,0.4410,0.3380,90001,481084,495528,91421,1093959,1192905,4351,0.0195,111,5678
14,2021,4,Kansas,1420964,0.4250,0.3150,58098,406915,451360,57700,932351,1024732,4273,0.0147,75,5103
14,2021,4,Kentucky,1237494,0.4110,0.3180,104974,607538,708218,107662,1415369,1619161,4182,0.0227,228,10065
14,2021,4,Louisiana,528743,0.3220,0.2660,87695,538473,610840,91406,1259160,1357352,4234,0.0178,170,9567
14,2021,4,Maine,2065479,0.5460,0.3930,71186,214174,243345,71239,524842,587104,4333,0.0163,50,3062
14,2021,4,Maryland,2506657,0.4850,0.3420,183782,840731,1040070,189910,2052738,2559378,6006,0.0515,536,10407
14,2021,4,Massachusetts,3180171,0.5600,0.3640,213242,1029789,1263609,212624,2652763,3309370,7505,0.0227,254,11168
14,2021,4,Michigan,1926862,0.4260,0.3180,235166,1341595,1602897,230813,3098257,3787916,5005,0.0786,1724,21945
14,2021,4,Minnesota,707684,0.4690,0.3420,197994,777196,951612,195800,1853034,2305059,5590,0.0294,269,9142
14,2021,4,Mississippi,1680768,0.3110,0.2380,44261,333615,329782,45266,767647,777433,3514,0.0247,164,6639
14,2021,4,Missouri,342212,0.3760,0.2740,121283,650258,909171,120632,1578089,2286350,4572,0.0163,209,12810
14,2021,4,Montana,626635,0.4070,0.3200,21831,157802,162519,22247,360163,375505,3965,0.0110,22,2005
14,2021,4,Nebraska,857021,0.4310,0.3240,52304,255104,318541,52173,601005,757307,4290,0.0163,55,3376
14,2021,4,Nevada,404833,0.3960,0.2780,71561,346588,438867,72385,866824,1111896,4680,0.0267,144,5384
14,2021,4,New Hampshire,3202180,0.6020,0.2980,51617,179985,173217,50518,492793,598711,5451,0.0100,24,2398
14,2021,4,New Jersey,779361,0.5160,0.3610,276685,1302485,1622986,274477,3178518,3848761,6643,0.0687,1016,14781
14,2021,4,New Mexico,6721308,0.5090,0.3720,45358,325064,408324,46175,803445,942321,4151,0.0143,58,4070
14,2021,4,New York,3029981,0.4760,0.3460,581723,2767796,3371203,595876,6736120,8301715,8099,0.0628,1950,31029
14,2021,4,North Carolina,249623,0.3920,0.2890,232197,1205573,1592178,235534,2925424,3819933,4927,0.0233,460,19720
14,2021,4,North Dakota,3769101,0.3920,0.3280,19208,105855,124559,21792,247219,293140,4494,0.0155,21,1356
14,2021,4,Ohio,1172022,0.4040,0.3220,285204,1537726,1943920,295509,3594402,4468745,4758,0.0272,667,24549
14,2021,4,Oklahoma,1284955,0.3850,0.2960,68714,523788,579499,69486,1248978,1362760,4069,0.0210,163,7759
14,2021,4,Oregon,4092041,0.4430,0.3050,94898,543942,645837,95953,1333022,1616445,5079,0.0135,107,7903
14,2021,4,Pennsylvania,387339,0.4940,0.3200,345972,1641737,2104125,340540,4324897,5385959,5313,0.0463,1234,26675
14,2021,4,Rhode Island,1407621,0.5250,0.3660,37696,156059,193579,37927,385128,490041,5074,0.0240,48,2001
14,2021,4,South Carolina,324779,0.3650,0.2730,95941,520514,790958,98515,1304362,1837824,4147,0.0298,319,10720
14,2021,4,South Dakota,1671930,0.4470,0.3670,18424,144457,161890,18343,320872,359959,4039,0.0133,20,1508
14,2021,4,Tennessee,7826009,0.3430,0.2450,106400,709792,854080,109088,1755105,2139683,4667,0.0305,491,16093
14,2021,4,Texas,749770,0.3830,0.2700,642446,3293832,3889127,655888,8307111,9921924,5464,0.0330,1438,43531
14,2021,4,Utah,232682,0.3910,0.2340,81662,297936,370171,84772,916770,1114712,4615,0.0113,46,4076
14,2021,4,Vermont,2802389,0.5510,0.3730,23753,94239,114510,24122,250388,288393,4455,0.0000,0,1114
14,2021,4,Virginia,2054388,0.4710,0.3280,216469,1139402,1445951,217670,2788356,3635876,5568,0.0321,467,14560
14,2021,4,Washington,2454705,0.4560,0.3530,165957,833085,1055145,172318,1995016,2476532,6673,0.0179,214,11952
14,2021,4,West Virginia,543800,0.4630,0.3220,197225,1001324,1255271,197192,2497673,3129908,3948,0.0268,128,4769
14,2021,4,Wisconsin,160656,0.3580,0.3030,20117,255040,268576,19192,566945,587282,4537,0.0180,183,10184
14,2021,4,Wyoming,1432946,0.3390,0.2780,10697,73695,76233,11386,172936,171551,4130,0.0000,0,854
15,2021,5,Alabama,287850,0.3600,0.2920,101052,653764,678042,98929,1458789,1464184,4316,0.0225,197,8770
15,2021,5,Alaska,2624164,0.4620,0.3930,19320,123603,144899,20788,268142,323252,4875,0.0156,10,642
15,2021,5,Arizona,941718,0.4630,0.3610,183055,1103333,1336295,190106,2612662,3160631,4983,0.0206,222,10772
15,2021,5,Arkansas,17069789,0.3960,0.3120,66767,436549,438267,68328,981500,1029341,4147,0.0151,81,5364
15,2021,5,California,2611003,0.5680,0.4320,1343493,6946266,8778563,1354538,16179376,20858933,7033,0.0161,680,42362
15,2021,5,Colorado,1910663,0.5420,0.4530,189865,1104847,1315830,192446,2429601,2989682,5785,0.0465,311,6688
15,2021,5,Connecticut,422071,0.6330,0.5360,156616,736887,1017065,156714,1601161,2280141,6825,0.0244,112,4597
15,2021,5,Delaware,326963,0.5480,0.4330,40299,161368,220255,40920,380982,519484,5477,0.0070,10,1431
15,2021,5,Florida,3380780,0.4930,0.3920,804442,3387477,4210696,816356,7930519,10037930,4784,0.0371,1311,35384
15,2021,5,Georgia,676170,0.3970,0.3180,194097,1482037,1704271,197278,3375388,3988421,5191,0.0267,372,13912
15,2021,5,Hawaii,586296,0.6680,0.4780,32322,242925,382850,32007,567319,898432,4728,0.0000,0,1706
15,2021,5,Idaho,5079997,0.3760,0.3280,41531,247269,297278,41656,543786,652576,3926,0.0215,52,2421
15,2021,5,Illinois,2388827,0.5500,0.4010,393764,2001670,2681910,393456,4781589,6496192,6010,0.0453,756,16691
15,2021,5,Indiana,1383130,0.4180,0.3550,171042,948523,1265144,173622,2075338,2851150,4446,0.0330,357,10820
15,2021,5,Iowa,1120082,0.4930,0.4380,112052,595882,675121,114258,1246417,1486190,4351,0.0189,87,4596
15,2021,5,Kansas,1719535,0.4680,0.3840,73511,484969,561378,73645,1046964,1205901,4273,0.0187,77,4116
15,2021,5,Kentucky,1451257,0.4640,0.3850,141474,733163,844481,144528,1626551,1879474,4182,0.0270,219,8100
15,2021,5,Louisiana,731719,0.3570,0.3120,101836,652888,696008,106669,1440809,1533911,4234,0.0214,168,7838
15,2021,5,Maine,2902602,0.6320,0.5440,94067,298673,338904,95195,643429,742064,4333,0.0226,55,2432
15,2021,5,Maryland,3699440,0.5740,0.4800,230707,1141403,1529087,237637,2490270,3408319,6006,0.0416,316,7604
15,2021,5,Massachusetts,4203643,0.6640,0.5370,263187,1461817,1974396,262450,3298934,4485173,7505,0.0214,182,8488
15,2021,5,Michigan,2601745,0.4870,0.4210,299055,1704913,2199064,293939,3643764,4748295,5005,0.0832,1296,15585
15,2021,5,Minnesota,807490,0.5440,0.4610,239512,1010156,1351973,237682,2193577,2989076,5590,0.0315,221,7025
15,2021,5,Mississippi,2110866,0.3400,0.2710,50248,373724,383488,51193,836794,880647,3514,0.0298,157,5271
15,2021,5,Missouri,409140,0.4220,0.3440,148262,810973,1151566,147708,1824282,2707135,4572,0.0181,194,10700
15,2021,5,Montana,815245,0.4520,0.3830,30437,183510,195111,31144,400165,435544,3965,0.0071,12,1699
15,2021,5,Nebraska,1137530,0.4820,0.4210,61361,318893,434101,61074,688600,941595,4290,0.0184,46,2494
15,2021,5,Nevada,659425,0.4560,0.3690,103211,460465,573846,105103,1035368,1369764,4680,0.0245,110,4483
15,2021,5,New Hampshire,4336841,0.5970,0.4850,53556,276596,329249,52213,595930,737597,5451,0.0057,11,1924
15,2021,5,New Jersey,1004336,0.6040,0.4880,355934,1746522,2234347,353104,3861769,4895066,6643,0.0469,504,10735
15,2021,5,New Mexico,9121213,0.5780,0.4790,62030,424194,517249,63158,958412,1127326,4151,0.0211,65,3082
15,2021,5,New York,3790076,0.5580,0.4690,780291,3652895,4687183,825780,8142066,10700241,8099,0.0427,987,23119
15,2021,5,North Carolina,278948,0.4340,0.3610,272557,1484282,2033200,275484,3338425,4541711,4927,0.0328,454,13859
15,2021,5,North Dakota,4704437,0.4220,0.3660,22915,117983,138049,25771,267281,321491,4494,0.0102,11,1076
15,2021,5,Ohio,1335445,0.4590,0.4020,374738,1899258,2427218,388178,4162384,5346351,4758,0.0283,535,18922
15,2021,5,Oklahoma,1913354,0.4160,0.3370,84030,606517,644872,85266,1381793,1492030,4069,0.0184,118,6405
15,2021,5,Oregon,5583035,0.5490,0.4540,145057,756464,1011407,146064,1662627,2262300,5079,0.0326,204,6251
15,2021,5,Pennsylvania,548312,0.5840,0.4360,476969,2253815,2851987,472412,5344058,6771085,5313,0.0439,880,20055
15,2021,5,Rhode Island,1738713,0.6100,0.5180,43712,217068,287522,43789,472887,646880,5074,0.0083,12,1446
15,2021,5,South Carolina,375451,0.4090,0.3380,124747,670243,943513,127619,1545402,2100832,4147,0.0237,198,8360
15,2021,5,South Dakota,2170771,0.4820,0.4240,23007,166367,186064,22770,349803,403555,4039,0.0086,10,1163
15,2021,5,Tennessee,10295840,0.3920,0.3180,136629,887387,1144111,140431,2038658,2664467,4667,0.0339,429,12670
15,2021,5,Texas,1041920,0.4430,0.3550,847377,4244268,5203528,866479,9756907,12366671,5464,0.0346,1195,34503
15,2021,5,Utah,349392,0.4530,0.3250,105651,417929,518339,109479,1102489,1377379,4615,0.0124,40,3224
15,2021,5,Vermont,3850933,0.7050,0.5600,32283,142320,174589,33268,334948,405338,4455,0.0000,0,808
15,2021,5,Virginia,2594334,0.5530,0.4510,290773,1496876,2062597,294489,3322597,4737343,5568,0.0298,329,11022
15,2021,5,Washington,3552692,0.5110,0.4460,207094,1050900,1336091,214371,2308447,2958021,6673,0.0276,273,9890
15,2021,5,West Virginia,609868,0.5680,0.4670,294708,1426617,1830081,296868,3150398,4201677,3948,0.0361,132,3660
15,2021,5,Wisconsin,184222,0.4070,0.3400,29381,282379,297982,28512,621952,665285,4537,0.0201,164,8165
15,2021,5,Wyoming,1594625,0.3700,0.3180,13560,85204,85409,14231,192026,189151,4130,0.0000,0,773
16,2021,6,Alabama,313709,0.3990,0.3250,114215,715501,764788,111637,1560266,1678700,4316,0.0103,113,11019
16,2021,6,Alaska,2929104,0.4900,0.4290,23038,129299,161335,24809,279151,354543,4875,0.0000,0,892
16,2021,6,Arizona,1029530,0.4960,0.4020,210002,1203060,1514074,217647,2782860,3490041,4983,0.0132,173,13099
16,2021,6,Arkansas,19679334,0.4180,0.3410,74836,470138,484397,76644,1039420,1113190,4147,0.0166,122,7329
16,2021,6,California,2984290,0.6140,0.4980,1537008,7646219,10494092,1550221,17319209,23767831,7033,0.0082,438,53344
16,2021,6,Colorado,2162465,0.5790,0.5180,216675,1204802,1561827,220025,2583042,3382718,5785,0.0238,201,8447
16,2021,6,Connecticut,487131,0.6700,0.6070,173068,807311,1181925,173289,1703598,2527998,6825,0.0000,0,6276
16,2021,6,Delaware,368531,0.5810,0.5000,43680,185171,258073,44379,416074,578277,5477,0.0000,0,1739
16,2021,6,Florida,3884556,0.5360,0.4580,993195,3751083,5082679,1009485,8474378,11531025,4784,0.0174,820,47140
16,2021,6,Georgia,732461,0.4330,0.3660,217557,1613519,2053019,220458,3581210,4620360,5191,0.0124,221,17753
16,2021,6,Hawaii,643991,0.6980,0.5170,36531,255650,422196,36080,588918,959411,4728,0.0000,0,2250
16,2021,6,Idaho,5849947,0.3950,0.3600,50377,264149,329180,50541,569637,702494,3926,0.0104,32,3087
16,2021,6,Illinois,2686766,0.5940,0.4620,454177,2210534,3181766,454990,5121077,7384797,6010,0.0159,332,20836
16,2021,6,Indiana,1513342,0.4460,0.3990,192375,1031666,1457280,195732,2206048,3169059,4446,0.0155,202,13052
16,2021,6,Iowa,1220611,0.5140,0.4800,123268,624903,765082,125742,1289106,1620155,4351,0.0064,36,5641
16,2021,6,Kansas,1942407,0.4910,0.4190,82130,514211,624012,82334,1092476,1308659,4273,0.0073,39,5352
16,2021,6,Kentucky,1607808,0.4950,0.4350,161158,810617,970055,164698,1747620,2081419,4182,0.0139,139,9984
16,2021,6,Louisiana,819500,0.3810,0.3460,117740,708057,781440,123673,1529630,1685012,4234,0.0104,106,10145
16,2021,6,Maine,3385600,0.6630,0.6100,103312,327721,388364,104875,682680,816971,4333,0.0000,0,2974
16,2021,6,Maryland,4243952,0.6190,0.5600,256131,1263725,1863800,263760,2672319,3933645,6006,0.0103,97,9407
16,2021,6,Massachusetts,4701047,0.7040,0.6160,290586,1628717,2324589,289840,3533972,5012814,7505,0.0070,76,10914
16,2021,6,Michigan,2920597,0.5140,0.4710,329884,1860480,2509979,324522,3873717,5224425,5005,0.0180,341,18973
16,2021,6,Minnesota,885782,0.5700,0.5180,261701,1088636,1570095,260399,2303859,3302402,5590,0.0122,107,8773
16,2021,6,Mississippi,2397550,0.3620,0.2980,55406,399631,430703,56286,882319,969934,3514,0.0126,87,6920
16,2021,6,Missouri,458067,0.4490,0.3910,169632,892342,1335487,169144,1947414,2994572,4572,0.0197,278,14135
16,2021,6,Montana,922579,0.4770,0.4290,36909,197881,223068,37947,422472,479041,3965,0.0000,0,2168
16,2021,6,Nebraska,1291822,0.5170,0.4770,68531,354514,498514,68267,742369,1051502,4290,0.0032,10,3171
16,2021,6,Nevada,755791,0.4970,0.4190,121551,497397,672862,123580,1091894,1560611,4680,0.0183,117,6383
16,2021,6,New Hampshire,4897515,0.6200,0.5560,58006,312979,384779,56779,642757,815808,5451,0.0000,0,2374
16,2021,6,New Jersey,1142420,0.6280,0.5510,375449,1882781,2639234,370466,3993654,5477345,6643,0.0101,138,13612
16,2021,6,New Mexico,10508196,0.6290,0.5450,80776,474054,586518,82227,1046078,1248378,4151,0.0093,36,3863
16,2021,6,New York,4377936,0.6000,0.5400,894628,4043410,5569076,945307,8728448,12111655,8099,0.0126,365,29033
16,2021,6,North Carolina,295725,0.4860,0.4170,336841,1671029,2370024,343401,3698335,5222480,4927,0.0184,232,12587
16,2021,6,North Dakota,5227519,0.4380,0.3880,25331,123006,147387,28312,274994,338600,4494,0.0000,0,1278
16,2021,6,Ohio,1518992,0.4820,0.4470,414196,2048913,2760441,429239,4381217,5861517,4758,0.0136,318,23441
16,2021,6,Oklahoma,2223826,0.4480,0.3840,94884,654357,769714,96347,1457030,1713901,4069,0.0125,104,8314
16,2021,6,Oregon,6345433,0.5850,0.5270,170145,852571,1200557,172173,1800953,2541875,5079,0.0133,110,8276
16,2021,6,Pennsylvania,623797,0.6270,0.4960,537395,2503367,3304347,534158,5757721,7581672,5313,0.0135,332,24671
16,2021,6,Rhode Island,1991900,0.6460,0.5890,46721,238602,338456,46790,505452,723729,5074,0.0000,0,1762
16,2021,6,South Carolina,401431,0.4430,0.3870,144918,761903,1084858,147645,1697037,2344291,4147,0.0094,99,10554
16,2021,6,South Dakota,2415814,0.5050,0.4540,25984,172088,203344,25815,358905,434554,4039,0.0000,0,1552
16,2021,6,Tennessee,11932087,0.4170,0.3540,155522,955620,1301114,160396,2155658,2944542,4667,0.0122,186,15238
16,2021,6,Texas,1196468,0.4820,0.4120,976730,4715688,6239001,1000782,10524420,14160317,5464,0.0168,746,44512
16,2021,6,Utah,409254,0.4870,0.3730,119014,456194,621258,123317,1161036,1563457,4615,0.0100,42,4196
16,2021,6,Vermont,4422065,0.7390,0.6560,37291,161597,210149,38624,359624,452701,4455,0.0000,0,1168
16,2021,6,Virginia,2879461,0.5910,0.5180,324525,1643058,2453729,328968,3541016,5358175,5568,0.0102,144,14148
16,2021,6,Washington,4150522,0.5360,0.4950,227599,1140567,1511006,235261,2438822,3231759,6673,0.0148,195,13142
16,2021,6,West Virginia,666545,0.6120,0.5450,346036,1604907,2197981,348914,3426704,4782905,3948,0.0137,58,4238
16,2021,6,Wisconsin,198958,0.4360,0.3720,35141,299057,332152,34097,654565,728660,4537,0.0062,64,10394
16,2021,6,Wyoming,1683584,0.3920,0.3440,15656,90150,93098,16719,201119,203684,4130,0.0000,0,907
17,2021,7,Alabama,333092,0.4320,0.3430,123510,743878,815977,120680,1645371,1821120,4316,0.0215,254,11818
17,2021,7,Alaska,3294048,0.5150,0.4550,26386,133838,172824,28437,289116,379706,4875,0.0000,0,948
17,2021,7,Arizona,1097775,0.5310,0.4530,245851,1322980,1722287,254772,2983282,3852578,4983,0.0237,288,12127
17,2021,7,Arkansas,20870533,0.4680,0.3640,83668,493349,520575,85526,1119551,1236686,4147,0.0572,406,7097
17,2021,7,California,3134331,0.6480,0.5280,1650023,7957158,11260672,1665648,17989307,25476116,7033,0.0162,786,48494
17,2021,7,Colorado,2256204,0.6030,0.5440,230231,1243991,1658894,234179,2655303,3579861,5785,0.0266,191,7180
17,2021,7,Connecticut,513528,0.6990,0.6330,184870,830651,1240469,185623,1752510,2653521,6825,0.0000,0,5415
17,2021,7,Delaware,386475,0.6070,0.5270,46336,193567,273287,47203,431785,610463,5477,0.0000,0,1673
17,2021,7,Florida,4104779,0.5770,0.4890,1088401,3893003,5495037,1106741,8823910,12552853,4784,0.0362,1969,54334
17,2021,7,Georgia,758152,0.4630,0.3870,234411,1678380,2190766,237878,3736606,4963494,5191,0.0155,296,19050
17,2021,7,Hawaii,668198,0.7140,0.5350,40115,261415,438535,39587,597740,987906,4728,0.0000,0,2173
17,2021,7,Idaho,6151554,0.4120,0.3740,55359,270690,341758,55604,584418,732299,3926,0.0195,53,2722
17,2021,7,Illinois,2977432,0.6240,0.4850,485590,2273899,3387169,487389,5267813,7867303,6010,0.0122,216,17743
17,2021,7,Indiana,1565884,0.4720,0.4420,222821,1112785,1635098,227389,2349176,3475428,4446,0.0141,162,11524
17,2021,7,Iowa,1317263,0.5330,0.4960,130724,636259,798791,133295,1312980,1694885,4351,0.0083,41,4915
17,2021,7,Kansas,2035457,0.5330,0.4520,92523,529619,694814,93633,1130192,1478095,4273,0.0261,127,4868
17,2021,7,Kentucky,1716556,0.5210,0.4560,172286,841899,1020439,174675,1817322,2201974,4182,0.0210,192,9143
17,2021,7,Louisiana,853795,0.4240,0.3690,129825,739662,846472,136495,1620921,1887419,4234,0.0308,324,10529
17,2021,7,Maine,3559190,0.6840,0.6350,107240,335006,411404,108984,697562,859366,4333,0.0000,0,2402
17,2021,7,Maryland,4406452,0.6470,0.5890,268686,1309095,1978866,276641,2758990,4169127,6006,0.0074,57,7745
17,2021,7,Massachusetts,4878436,0.7260,0.6390,306099,1671285,2428983,305353,3618033,5219711,7505,0.0067,60,9007
17,2021,7,Michigan,3033637,0.5310,0.4880,346111,1909682,2621871,340613,3967126,5489644,5005,0.0078,126,16139
17,2021,7,Minnesota,1026837,0.5890,0.5380,273063,1115210,1645072,272272,2355452,3454168,5590,0.0072,52,7244
17,2021,7,Mississippi,2541006,0.3980,0.3450,62725,443464,520510,63703,956606,1128670,3514,0.0292,218,7474
17,2021,7,Missouri,473831,0.4890,0.4140,186850,931343,1422678,186009,2059920,3237055,4572,0.0557,728,13081
17,2021,7,Montana,957498,0.4950,0.4430,39467,202422,231703,40605,432530,499672,3965,0.0148,30,2021
17,2021,7,Nebraska,1367562,0.5390,0.4950,71773,362200,522398,71574,760202,1105799,4290,0.0049,14,2845
17,2021,7,Nevada,792278,0.5360,0.4440,133244,513450,720846,135449,1129293,1700337,4680,0.0652,367,5628
17,2021,7,New Hampshire,5187136,0.6470,0.5830,62105,317531,412612,61548,654709,875691,5451,0.0000,0,2010
17,2021,7,New Jersey,1198386,0.6600,0.5840,400133,1970770,2816149,394627,4152257,5833543,6643,0.0108,124,11527
17,2021,7,New Mexico,11109858,0.6550,0.5720,86064,492367,618609,87616,1081538,1313894,4151,0.0073,25,3412
17,2021,7,New York,4590721,0.6310,0.5710,958165,4207301,5942827,1011712,9029832,12902239,8099,0.0079,198,25144
17,2021,7,North Carolina,305794,0.5120,0.4380,357520,1726591,2506557,364006,3823710,5534730,4927,0.0394,262,6644
17,2021,7,North Dakota,5437218,0.4550,0.4010,26989,125450,153354,29996,280088,353481,4494,0.0000,0,1016
17,2021,7,Ohio,1593194,0.4990,0.4650,437044,2108011,2887482,453409,4492150,6126038,4758,0.0103,212,20557
17,2021,7,Oklahoma,2360847,0.4790,0.4030,102321,673871,816950,103881,1511900,1844371,4069,0.0263,217,8265
17,2021,7,Oregon,6694268,0.6070,0.5600,182472,880545,1297185,184959,1849551,2706049,5079,0.0128,91,7129
17,2021,7,Pennsylvania,651498,0.6550,0.5230,573074,2620270,3500492,570326,5979324,7998304,5313,0.0078,162,20887
17,2021,7,Rhode Island,2091278,0.6740,0.6150,48450,246038,356928,48401,519939,760730,5074,0.0000,0,1627
17,2021,7,South Carolina,415448,0.4680,0.4060,155009,795723,1140302,158002,1777379,2474359,4147,0.0128,130,10140
17,2021,7,South Dakota,2670396,0.5280,0.4700,28155,174833,212442,28050,365823,457328,4039,0.0000,0,1250
17,2021,7,Tennessee,12713003,0.4480,0.3910,173866,1035292,1455739,180350,2310067,3246398,4667,0.0166,252,15192
17,2021,7,Texas,1436969,0.5170,0.4380,1078017,4927921,6706346,1106143,10989760,15324184,5464,0.0278,1309,47096
17,2021,7,Utah,421444,0.5210,0.4480,133197,549284,754486,135949,1202838,1666755,4615,0.0279,101,3626
17,2021,7,Vermont,4652774,0.7550,0.6750,39402,164728,217079,40800,365330,466180,4455,0.0000,0,959
17,2021,7,Virginia,3015017,0.6170,0.5450,345382,1696413,2610094,351667,3647450,5678102,5568,0.0080,101,12568
17,2021,7,Washington,4388828,0.5560,0.5180,240382,1175783,1598534,248894,2512500,3401444,6673,0.0145,154,10637
17,2021,7,West Virginia,699786,0.6400,0.5760,374967,1667890,2344040,378424,3544618,5074055,3948,0.0089,26,2923
17,2021,7,Wisconsin,212230,0.4600,0.3900,39389,310239,349926,38230,681231,767925,4537,0.0058,52,8929
17,2021,7,Wyoming,1880276,0.4170,0.3670,17958,94309,99902,19076,209615,218544,4130,0.0292,27,924
18,2021,8,Alabama,345364,0.4980,0.3830,135889,807511,936559,133457,1849987,2152799,4316,0.1311,1643,12530
18,2021,8,Alaska,3485349,0.5420,0.4720,28746,136360,180206,30684,297646,401874,4875,0.0926,81,875
18,2021,8,Arizona,1253068,0.5670,0.4790,264013,1379270,1838701,272228,3137248,4152942,4983,0.0600,771,12852
18,2021,8,Arkansas,22075470,0.5320,0.4150,91919,542253,618422,93676,1234811,1465113,4147,0.1405,944,6717
18,2021,8,California,3278325,0.6890,0.5590,1762251,8225995,12083428,1773484,18711488,27514945,7033,0.0646,3270,50591
18,2021,8,Colorado,2353097,0.6340,0.5690,250214,1272122,1754640,254303,2739206,3825519,5785,0.0421,316,7502
18,2021,8,Connecticut,538656,0.7360,0.6600,197365,851750,1303683,198055,1813095,2810782,6825,0.0253,118,4665
18,2021,8,Delaware,404371,0.6410,0.5530,48548,199927,289787,49173,449586,652385,5477,0.0246,42,1707
18,2021,8,Florida,4376696,0.6380,0.5300,1151874,4096669,6110794,1168315,9519386,14130512,4784,0.1965,10249,52166
18,2021,8,Georgia,782302,0.5090,0.4120,256311,1746039,2372419,257837,3993353,5461756,5191,0.1210,2629,21719
18,2021,8,Hawaii,700251,0.7410,0.5530,44723,264211,455281,44076,606620,1037713,4728,0.0578,134,2317
18,2021,8,Idaho,6489267,0.4420,0.3920,61239,278471,360084,61501,611166,785080,3926,0.0602,212,3524
18,2021,8,Illinois,3116407,0.6600,0.5120,518380,2326999,3638305,529776,5437625,8651093,6010,0.0383,717,18706
18,2021,8,Indiana,1632205,0.5020,0.4630,238625,1138960,1731826,242635,2429493,3724121,4446,0.0500,638,12751
18,2021,8,Iowa,1405739,0.5630,0.5170,138844,647360,845841,141166,1347054,1817283,4351,0.0332,176,5296
18,2021,8,Kansas,2167598,0.5730,0.4830,100310,549243,755844,101597,1183764,1626311,4273,0.0760,391,5143
18,2021,8,Kentucky,1926190,0.5700,0.4850,186717,877093,1102782,189275,1935487,2428818,4182,0.0805,861,10691
18,2021,8,Louisiana,885005,0.4950,0.4140,145158,794821,985600,152318,1795915,2245066,4234,0.1795,1638,9125
18,2021,8,Maine,3717170,0.7160,0.6580,111636,341221,431955,113127,718654,910563,4333,0.0129,34,2643
18,2021,8,Maryland,4546662,0.6820,0.6150,282939,1342449,2089051,288709,2857388,4441530,6006,0.0244,216,8855
18,2021,8,Massachusetts,5043602,0.7530,0.6600,323926,1703387,2519245,322307,3709151,5440465,7505,0.0168,157,9335
18,2021,8,Michigan,3151965,0.5520,0.5050,363030,1943004,2736739,356686,4058975,5769863,5005,0.0237,412,17388
18,2021,8,Minnesota,1123181,0.6180,0.5590,286783,1136686,1727926,285930,2420995,3670237,5590,0.0215,160,7435
18,2021,8,Mississippi,2765619,0.4630,0.3770,68743,464991,589224,69358,1045690,1331218,3514,0.1573,1170,7438
18,2021,8,Missouri,491634,0.5270,0.4510,199606,992971,1572859,197949,2190865,3556463,4572,0.1144,1367,11947
18,2021,8,Montana,1006914,0.5220,0.4600,42742,206595,242062,43772,446823,530753,3965,0.0582,134,2303
18,2021,8,Nebraska,1473532,0.5750,0.5210,76177,371458,558101,75951,788328,1197436,4290,0.0424,120,2831
18,2021,8,Nevada,811451,0.5800,0.4780,142595,530948,799958,145008,1176302,1885095,4680,0.1269,716,5644
18,2021,8,New Hampshire,5457911,0.6710,0.5970,66062,318204,427145,77201,676746,931108,5451,0.0116,24,2067
18,2021,8,New Jersey,1257905,0.6990,0.6140,427303,2034651,2995826,421099,4321138,6262814,6643,0.0280,346,12368
18,2021,8,New Mexico,11696867,0.6990,0.6000,93538,508337,654538,94884,1130481,1412135,4151,0.0595,213,3581
18,2021,8,New York,4860736,0.6740,0.6010,1016865,4320894,6357132,1070016,9344139,13948253,8099,0.0275,715,26031
18,2021,8,North Carolina,317655,0.5570,0.4630,382696,1786849,2691111,389316,4023288,6054489,4927,0.1100,1353,12304
18,2021,8,North Dakota,5657888,0.4820,0.4170,27832,127829,161993,30718,287631,379410,4494,0.0087,11,1261
18,2021,8,Ohio,1734367,0.5250,0.4840,467611,2150559,3034897,483634,4618850,6512122,4758,0.0330,776,23508
18,2021,8,Oklahoma,2448747,0.5330,0.4380,112731,713277,908274,114220,1632166,2082726,4069,0.1125,960,8536
18,2021,8,Oregon,7054540,0.6400,0.5810,200160,898899,1348934,202898,1909919,2856543,5079,0.0714,564,7904
18,2021,8,Pennsylvania,685619,0.6940,0.5510,621148,2710630,3722335,618656,6226813,8557457,5313,0.0251,571,22714
18,2021,8,Rhode Island,2232208,0.7150,0.6470,50800,253822,380866,50527,537152,805171,5074,0.0140,23,1638
18,2021,8,South Carolina,434182,0.5160,0.4340,168472,835522,1227953,171402,1914723,2725421,4147,0.1007,1070,10629
18,2021,8,South Dakota,2857691,0.5610,0.4910,30527,178277,225360,30462,376155,492909,4039,0.0000,0,1429
18,2021,8,Tennessee,13753861,0.4960,0.4180,190940,1077881,1582134,197507,2474561,3625068,4667,0.0862,1599,18543
18,2021,8,Texas,1522997,0.5710,0.4740,1162384,5157105,7433618,1195142,11716533,17253052,5464,0.1400,7047,50324
18,2021,8,Utah,423736,0.5630,0.4750,140373,563601,819019,142918,1247510,1838515,4615,0.0593,231,3896
18,2021,8,Vermont,4887531,0.7610,0.6790,40859,161024,221606,42119,353116,478047,4455,0.0000,0,1078
18,2021,8,Virginia,3142587,0.6530,0.5730,369595,1744606,2772093,376373,3781239,6079409,5568,0.0374,508,13600
18,2021,8,Washington,4581633,0.5860,0.5400,254580,1202740,1684907,262569,2583761,3622115,6673,0.0531,639,12025
18,2021,8,West Virginia,710603,0.6780,0.6020,400707,1712962,2465876,402732,3677028,5412272,3948,0.0876,207,2364
18,2021,8,Wisconsin,223590,0.4710,0.3970,41513,312746,356102,39979,689000,784785,4537,0.0316,302,9568
18,2021,8,Wyoming,2089852,0.4530,0.3860,20125,97518,105885,21251,219969,236813,4130,0.0666,67,1006
